day,temperature_c,humidity_index,operational_load,maintenance_level,powder_quality,binder_viscosity_stress,voltage_stress,recoater_blade_pct,nozzle_plate_pct,heating_elements_pct,drive_motor_rails_pct,cleaning_thermal_iface_pct,insulation_sensors_pct
1,21.0000,0.1012,1.0000,0.9570,0.9478,0.0484,0.0702,100%,100%,100%,100%,100%,100%
2,21.0762,0.0958,2.4634,0.9573,0.9464,0.0492,0.0889,100%,100%,100%,100%,99%,100%
3,21.2577,0.0791,3.9742,0.9587,0.9414,0.0396,0.0690,100%,99%,100%,100%,99%,100%
4,20.7493,0.0785,5.4623,0.9641,0.9410,0.0320,0.0571,100%,99%,100%,99%,99%,100%
5,20.8013,0.0715,7.0048,0.9680,0.9410,0.0253,0.0738,99%,99%,100%,99%,99%,100%
6,20.8130,0.0782,8.4335,0.9706,0.9411,0.0218,0.0762,99%,99%,100%,99%,98%,100%
7,21.0478,0.0730,9.9321,0.9685,0.9428,0.0179,0.0725,99%,99%,100%,99%,98%,100%
8,21.0605,0.0670,11.3779,0.9632,0.9438,0.0160,0.0899,99%,99%,100%,99%,98%,100%
9,21.1726,0.0718,12.7984,0.9648,0.9398,0.0152,0.0980,99%,98%,100%,98%,98%,100%
10,21.2509,0.0690,14.3035,0.9620,0.9404,0.0111,0.0986,99%,98%,100%,98%,97%,100%
11,21.4505,0.0630,15.7842,0.9659,0.9400,0.0110,0.0915,99%,98%,100%,98%,97%,100%
12,21.3682,0.0657,17.2522,0.9667,0.9390,0.0147,0.0764,98%,98%,100%,98%,97%,100%
13,21.6444,0.0675,18.6304,0.9627,0.9395,0.0157,0.0610,98%,98%,100%,98%,97%,100%
14,21.4858,0.0676,20.2467,0.9638,0.9392,0.0212,0.0556,98%,97%,99%,97%,96%,100%
15,21.5800,0.0507,21.6014,0.9671,0.9423,0.0305,0.0909,98%,97%,99%,97%,96%,100%
16,21.6368,0.0533,23.0704,0.9678,0.9403,0.0276,0.0991,98%,97%,99%,97%,96%,100%
17,22.1212,0.0681,24.5192,0.9636,0.9477,0.0347,0.1004,98%,97%,99%,97%,96%,100%
18,21.9035,0.0540,25.9895,0.9647,0.9430,0.0305,0.0983,98%,97%,99%,97%,96%,100%
19,21.9852,0.0536,27.3978,0.9662,0.9410,0.0304,0.1004,98%,97%,99%,97%,95%,100%
20,21.8779,0.0565,27.8589,0.9701,0.9396,0.0357,0.1314,98%,97%,99%,97%,95%,100%
21,21.6015,0.0493,28.4071,0.9735,0.9464,0.0433,0.1274,98%,96%,99%,97%,95%,100%
22,21.7392,0.0414,28.6582,0.9687,0.9499,0.0461,0.1298,98%,96%,99%,97%,95%,100%
23,21.3873,0.0519,29.1366,0.9660,0.9532,0.0506,0.1394,98%,96%,99%,96%,95%,100%
24,21.1899,0.0550,30.4882,0.9688,0.9524,0.0583,0.1300,97%,96%,99%,96%,95%,100%
25,21.2039,0.0497,31.9227,0.9600,0.9570,0.0592,0.1106,97%,96%,99%,96%,95%,100%
26,21.4055,0.0541,33.5148,0.9637,0.9618,0.0626,0.1109,97%,96%,99%,96%,95%,100%
27,22.0632,0.0750,34.9320,0.9592,0.9677,0.0576,0.1281,97%,96%,99%,96%,94%,100%
28,22.1359,0.0975,36.4325,0.9569,0.9671,0.0502,0.1063,97%,95%,99%,96%,94%,100%
29,21.9651,0.1113,37.9084,0.9639,0.9641,0.0404,0.7565,97%,95%,99%,95%,94%,100%
30,21.7282,0.1311,39.4026,0.9633,0.9627,0.0493,0.6608,97%,95%,99%,95%,93%,100%
31,22.0437,0.1351,41.0220,0.9616,0.9578,0.0522,0.5609,96%,95%,99%,95%,93%,100%
32,22.2023,0.1487,42.5542,0.9627,0.9605,0.0496,0.5248,96%,95%,99%,95%,92%,100%
33,22.0224,0.1542,43.9966,0.9620,0.9642,0.0474,0.4639,96%,94%,99%,94%,92%,100%
34,22.0871,0.1752,45.5410,0.9586,0.9639,0.0448,0.4044,96%,94%,98%,94%,91%,100%
35,22.1985,0.1785,47.1044,0.9597,0.9571,0.0390,0.3359,96%,94%,98%,94%,90%,100%
36,21.9870,0.1817,48.5035,0.9701,0.9557,0.0355,0.3220,96%,94%,98%,94%,90%,100%
37,21.8602,0.1810,49.9509,0.9745,0.9578,0.0341,0.2872,95%,94%,98%,94%,89%,100%
38,21.5081,0.1895,51.5259,0.9764,0.9564,0.0408,0.2718,95%,93%,98%,93%,88%,100%
39,21.5917,0.1922,52.9327,0.9774,0.9524,0.0425,0.2463,95%,93%,98%,93%,88%,100%
40,21.7170,0.2119,54.3770,0.9812,0.9453,0.0347,0.2094,95%,93%,98%,93%,87%,100%
41,21.6993,0.2152,55.8967,0.9841,0.9489,0.0409,0.1872,95%,93%,98%,93%,86%,100%
42,21.5660,0.2153,57.4308,0.9795,0.9445,0.0461,0.1561,94%,93%,98%,92%,86%,100%
43,21.3553,0.2302,58.9089,0.9818,0.9454,0.0480,0.1294,94%,92%,98%,92%,85%,100%
44,21.2314,0.2080,60.2795,0.9818,0.9405,0.0490,0.1301,94%,92%,98%,92%,84%,100%
45,21.3346,0.2202,61.6380,0.9902,0.9414,0.0514,0.1368,94%,92%,98%,92%,83%,100%
46,21.3110,0.2053,63.2531,0.9889,0.9441,0.0527,0.1517,94%,92%,98%,91%,83%,100%
47,21.3977,0.2083,64.7532,0.9949,0.9461,0.0492,0.1357,94%,92%,98%,91%,82%,100%
48,21.3413,0.2082,66.2089,0.9889,0.9445,0.0590,0.1193,93%,91%,98%,91%,81%,100%
49,21.2941,0.2035,67.7870,0.9902,0.9474,0.0641,0.1360,93%,91%,98%,91%,81%,100%
50,20.9088,0.2008,69.2314,0.9864,0.9415,0.0677,0.1462,93%,91%,98%,90%,80%,100%
51,20.6667,0.2086,70.7000,0.9817,0.9406,0.0648,0.1289,93%,91%,98%,90%,79%,100%
52,20.4670,0.2043,72.3478,0.9854,0.9379,0.0605,0.1046,93%,91%,98%,90%,78%,100%
53,20.8345,0.2138,73.7400,0.9803,0.9403,0.0644,0.0866,92%,90%,98%,90%,78%,100%
54,21.0321,0.2118,75.3133,0.9793,0.9418,0.0659,0.0851,92%,90%,98%,89%,77%,100%
55,20.9782,0.2126,76.8365,0.9756,0.9431,0.0691,0.0815,92%,90%,97%,89%,76%,100%
56,20.8952,0.1961,78.4266,0.9773,0.9474,0.0648,0.0847,92%,90%,97%,89%,76%,100%
57,20.4717,0.1947,79.8937,0.9784,0.9473,0.0668,0.1194,92%,89%,97%,89%,75%,100%
58,20.5734,0.2014,81.4074,0.9674,0.9468,0.0609,0.1043,91%,89%,97%,88%,74%,100%
59,20.2460,0.1880,82.8318,0.9706,0.9428,0.0603,0.0892,91%,89%,97%,88%,74%,100%
60,20.1740,0.1869,84.2527,0.9674,0.9469,0.0607,0.0962,91%,89%,97%,88%,73%,99%
61,20.2455,0.1764,85.6514,0.9771,0.9431,0.0678,0.0963,91%,89%,97%,88%,73%,99%
62,20.2460,0.1749,87.0486,0.9813,0.9433,0.0645,0.1093,91%,88%,97%,88%,72%,99%
63,20.3512,0.1814,88.6356,0.9859,0.9397,0.0591,0.1010,91%,88%,97%,87%,72%,99%
64,20.7429,0.1832,90.1029,0.9739,0.9466,0.0612,0.1000,90%,88%,97%,87%,71%,99%
65,20.8527,0.1855,91.5742,0.9824,0.9464,0.0650,0.1090,90%,88%,97%,87%,70%,99%
66,20.5673,0.1842,92.9968,0.9825,0.9467,0.0588,0.1064,90%,87%,97%,87%,70%,99%
67,20.3702,0.1727,94.4432,0.9757,0.9477,0.0628,0.1001,90%,87%,97%,86%,69%,99%
68,20.0764,0.1783,96.0451,0.9771,0.9493,0.0699,0.0941,90%,87%,97%,86%,69%,99%
69,20.0948,0.1824,97.5384,0.9834,0.9534,0.0687,0.0817,89%,87%,97%,86%,68%,99%
70,19.9133,0.1752,99.0687,0.9754,0.9542,0.0707,0.0774,89%,86%,97%,86%,68%,99%
71,20.2098,0.1818,100.5777,0.9805,0.9605,0.0744,0.0584,89%,86%,97%,85%,67%,99%
72,21.0014,0.1743,102.2072,0.9788,0.9652,0.0759,0.1400,89%,86%,97%,85%,67%,99%
73,20.7539,0.1633,103.8585,0.9759,0.9598,0.0768,0.1587,89%,86%,97%,85%,66%,99%
74,20.8406,0.1580,105.3273,0.9737,0.9715,0.0757,0.1174,89%,85%,97%,85%,66%,99%
75,20.7495,0.1561,106.7048,0.9695,0.9674,0.0777,0.1210,88%,85%,97%,84%,65%,99%
76,20.7343,0.1592,108.2972,0.9704,0.9576,0.0809,0.1017,88%,85%,97%,84%,65%,99%
77,20.7948,0.1693,109.6041,0.9715,0.9576,0.0799,0.1064,88%,85%,97%,84%,64%,99%
78,20.5523,0.1824,111.0828,0.9765,0.9628,0.0773,0.0819,88%,85%,97%,84%,64%,99%
79,20.4666,0.2052,112.6548,0.9832,0.9631,0.0811,0.0552,88%,84%,96%,84%,63%,99%
80,20.5794,0.1944,114.1628,0.9815,0.9613,0.0851,0.0575,88%,84%,96%,83%,63%,99%
81,20.6456,0.2005,115.7161,0.9866,0.9653,0.0901,0.0676,87%,84%,96%,83%,62%,99%
82,20.5492,0.2057,117.2430,0.9808,0.9717,0.0888,0.0528,87%,84%,96%,83%,61%,99%
83,20.3439,0.1953,118.7005,0.9837,0.9738,0.0976,0.0558,87%,83%,96%,83%,61%,99%
84,20.9285,0.1755,120.1956,0.9782,0.9772,0.1078,0.0799,87%,83%,96%,82%,60%,99%
85,21.1439,0.1795,121.6316,0.9753,0.9863,0.1038,0.0811,87%,83%,96%,82%,60%,99%
86,21.3653,0.1972,123.1260,0.9781,0.9927,0.1050,0.0903,86%,83%,96%,82%,59%,99%
87,21.2969,0.1868,124.5867,0.9744,0.9906,0.1085,0.0671,86%,83%,96%,82%,59%,99%
88,21.1094,0.1900,126.0765,0.9766,0.9923,0.0996,0.0435,86%,82%,96%,81%,58%,99%
89,20.9869,0.1935,127.5049,0.9694,0.9903,0.0983,0.0430,86%,82%,96%,81%,58%,99%
90,20.6685,0.1922,128.9542,0.9657,0.9942,0.0936,0.0334,86%,82%,96%,81%,57%,99%
91,21.0898,0.1949,130.5573,0.9682,0.9922,0.0900,0.0196,86%,82%,96%,81%,56%,99%
92,21.0529,0.1966,132.0755,0.9753,0.9893,0.0838,0.0348,85%,82%,96%,80%,56%,99%
93,21.3752,0.2019,133.5788,0.9695,0.9771,0.0803,0.0184,85%,81%,96%,80%,55%,99%
94,21.2425,0.1950,135.0914,0.9770,0.9720,0.0800,0.0000,85%,81%,96%,80%,55%,99%
95,21.3303,0.2066,136.6888,0.9781,0.9724,0.0782,0.0247,85%,81%,96%,80%,54%,99%
96,21.3496,0.2036,138.1955,0.9889,0.9635,0.0839,0.0312,85%,81%,96%,79%,53%,99%
97,20.9796,0.2082,139.6531,0.9872,0.9632,0.0844,0.0424,84%,81%,96%,79%,53%,99%
98,21.4122,0.2080,141.0879,0.9846,0.9676,0.0864,0.0500,84%,80%,96%,79%,52%,99%
99,21.2834,0.2119,141.4601,0.9860,0.9737,0.0885,0.0515,84%,80%,96%,79%,52%,99%
100,20.9840,0.2010,141.7698,0.9805,0.9771,0.0883,0.0565,84%,80%,96%,79%,52%,99%
101,21.1461,0.2113,142.2508,0.9809,0.9749,0.0866,0.0934,84%,80%,96%,79%,52%,99%
102,21.1331,0.2220,142.5492,0.9804,0.9764,0.0903,0.0790,84%,80%,96%,79%,52%,99%
103,21.2069,0.2239,142.8008,0.9867,0.9784,0.0930,0.0949,84%,80%,96%,79%,52%,99%
104,21.2130,0.2367,143.2502,0.9881,0.9796,0.0984,0.0609,84%,80%,96%,79%,52%,99%
105,20.6834,0.2386,143.5630,0.9818,0.9742,0.0957,0.0568,84%,80%,96%,79%,52%,99%
106,20.4979,0.2295,143.9023,0.9753,0.9766,0.0979,0.0647,84%,80%,96%,79%,52%,99%
107,20.3185,0.2216,144.3095,0.9704,0.9748,0.0977,0.0659,84%,80%,96%,79%,52%,99%
108,20.6020,0.2164,144.6695,0.9602,0.9807,0.0970,0.0576,84%,80%,96%,79%,52%,99%
109,20.6415,0.2171,144.9981,0.9495,0.9825,0.1004,0.0414,84%,80%,96%,79%,52%,99%
110,20.7923,0.1994,145.3157,0.9596,0.9896,0.1076,0.0365,84%,80%,96%,79%,52%,99%
111,20.7270,0.2063,145.7651,0.9554,0.9899,0.1003,0.0178,84%,80%,96%,79%,52%,98%
112,20.8834,0.2239,146.2546,0.9614,0.9879,0.0956,0.0258,84%,80%,96%,79%,52%,98%
113,20.8541,0.2253,146.5931,0.9576,0.9515,0.1004,0.0495,84%,80%,96%,79%,52%,98%
114,20.8098,0.2298,146.8846,0.9555,0.9518,0.1024,0.0199,84%,79%,96%,79%,52%,98%
115,20.8692,0.2346,148.3563,0.9469,0.9569,0.1107,0.0159,83%,79%,96%,79%,51%,98%
116,20.9023,0.2315,149.8371,0.9529,0.9642,0.1156,0.0024,83%,79%,96%,78%,51%,98%
117,21.5394,0.2394,151.3156,0.9508,0.9643,0.1151,0.0273,83%,79%,95%,78%,50%,98%
118,21.2830,0.2590,152.8529,0.9588,0.9606,0.1191,0.0618,83%,79%,95%,78%,49%,98%
119,20.8945,0.2465,154.3333,0.9551,0.9608,0.1313,0.0675,83%,78%,95%,78%,48%,98%
120,20.9818,0.2372,155.8284,0.9612,0.9572,0.1295,0.0747,82%,78%,95%,77%,48%,98%
121,20.8010,0.2377,157.3270,0.9683,0.9624,0.1309,0.0786,82%,78%,95%,77%,47%,98%
122,20.2801,0.2330,158.6773,0.9608,0.9694,0.1259,0.0805,82%,78%,95%,77%,47%,98%
123,20.0721,0.2334,160.1411,0.9628,0.9636,0.1252,0.0788,82%,77%,95%,77%,46%,98%
124,20.6991,0.2319,161.7731,0.9576,0.9659,0.1250,0.0769,82%,77%,95%,76%,45%,98%
125,20.5039,0.2355,162.1327,0.9517,0.9676,0.1244,0.0650,82%,77%,95%,76%,45%,98%
126,20.1042,0.2436,162.5290,0.9521,0.9688,0.1267,0.0259,81%,77%,95%,76%,45%,98%
127,20.7082,0.2541,164.0365,0.9559,0.9686,0.1187,0.0282,81%,77%,95%,76%,44%,98%
128,20.4573,0.2576,165.4506,0.9623,0.9646,0.1184,0.0226,81%,77%,95%,76%,44%,98%
129,21.2270,0.2646,166.9783,0.9604,0.9633,0.1165,0.0288,81%,76%,95%,76%,43%,98%
130,21.1168,0.2644,168.2519,0.9650,0.9581,0.1171,0.0565,81%,76%,95%,75%,42%,98%
131,21.5396,0.2607,169.7376,0.9676,0.9535,0.1237,0.0201,80%,76%,95%,75%,42%,98%
132,21.4351,0.2702,171.2725,0.9673,0.9526,0.1159,0.0261,80%,76%,95%,75%,41%,98%
133,21.5090,0.2619,172.6008,0.9624,0.9582,0.1209,0.0077,80%,76%,95%,75%,40%,98%
134,21.4348,0.2621,174.1134,0.9624,0.9628,0.1250,0.0087,80%,75%,95%,74%,39%,98%
135,21.3405,0.2643,175.6112,0.9795,0.9586,0.1164,0.0019,80%,75%,95%,74%,39%,98%
136,21.3713,0.2676,177.1473,0.9746,0.9592,0.1118,0.0000,79%,75%,95%,74%,38%,98%
137,21.4595,0.2686,178.5066,0.9735,0.9603,0.1143,0.0000,79%,75%,95%,74%,37%,98%
138,21.4616,0.2625,179.9860,0.9689,0.9543,0.1231,0.0000,79%,74%,95%,73%,36%,98%
139,21.4379,0.2492,181.4000,0.9754,0.9514,0.1195,0.0039,79%,74%,95%,73%,36%,98%
140,21.2225,0.2447,182.8615,0.9841,0.9519,0.1194,0.0000,79%,74%,95%,73%,35%,98%
141,21.1804,0.2493,184.3880,0.9904,0.9467,0.1206,0.0000,78%,74%,95%,73%,34%,98%
142,21.5593,0.2437,185.9132,0.9999,0.9436,0.1144,0.0247,78%,74%,95%,72%,34%,98%
143,21.3238,0.2466,187.3867,0.9993,0.9368,0.1174,0.0161,78%,73%,95%,72%,33%,98%
144,21.3632,0.2525,187.7942,1.0000,0.9359,0.1242,0.0011,78%,73%,95%,72%,33%,98%
145,21.6319,0.2609,188.3909,0.9957,0.9376,0.1208,0.0094,78%,73%,95%,72%,33%,98%
146,21.7014,0.2585,188.8133,1.0000,0.9365,0.1140,0.0038,78%,73%,95%,72%,33%,98%
147,21.8771,0.2514,189.1724,1.0000,0.9339,0.1146,0.0159,78%,73%,95%,72%,33%,98%
148,21.5294,0.2629,189.3422,0.9966,0.9365,0.1153,0.0000,78%,73%,95%,72%,33%,98%
149,21.5529,0.2584,189.6873,1.0000,0.9348,0.1059,0.0094,78%,73%,95%,72%,33%,98%
150,21.4357,0.2485,190.0855,0.9944,0.9253,0.1114,0.0272,78%,73%,95%,72%,33%,98%
151,21.3378,0.2562,190.4745,0.9871,0.9342,0.1163,0.0161,77%,73%,95%,72%,33%,98%
152,21.6787,0.2733,190.8537,0.9800,0.9393,0.1161,0.0000,77%,73%,95%,72%,33%,98%
153,21.5652,0.2741,191.2676,0.9742,0.9406,0.1171,0.0000,77%,73%,95%,72%,33%,98%
154,21.5939,0.2814,191.6567,0.9682,0.9366,0.1173,0.0173,77%,73%,95%,72%,33%,98%
155,21.1072,0.2938,192.0545,0.9674,0.9393,0.1183,0.0293,77%,73%,94%,72%,33%,98%
156,21.5305,0.3115,192.4555,0.9757,0.9345,0.1183,0.0060,77%,73%,94%,72%,33%,98%
157,21.7040,0.3064,192.7904,0.9741,0.9345,0.1120,0.0009,77%,73%,94%,72%,33%,97%
158,21.6324,0.3061,193.1459,0.9696,0.9313,0.1112,0.1031,77%,73%,94%,72%,33%,97%
159,21.4982,0.3058,193.5759,0.9726,0.9308,0.1102,0.1047,77%,72%,94%,72%,33%,97%
160,21.6040,0.3032,195.1227,0.9711,0.9268,0.1140,0.1065,77%,72%,94%,72%,32%,97%
161,21.8500,0.3143,196.6580,0.9712,0.9243,0.1155,0.0922,76%,72%,94%,71%,31%,97%
162,22.2180,0.3115,198.1681,0.9728,0.9216,0.1144,0.0764,76%,72%,94%,71%,30%,97%
163,22.3276,0.3058,198.4678,0.9747,0.9302,0.1134,0.0664,76%,72%,94%,71%,30%,97%
164,22.2380,0.3086,198.8170,0.9709,0.9313,0.1213,0.0835,76%,72%,94%,71%,30%,97%
165,22.3863,0.3119,199.1940,0.9694,0.9292,0.1228,0.0779,76%,72%,94%,71%,30%,97%
166,22.4710,0.3206,199.4669,0.9737,0.9324,0.1223,0.0764,76%,72%,94%,71%,30%,97%
167,22.3709,0.3251,199.9321,0.9714,0.9291,0.1107,0.0817,76%,71%,94%,71%,30%,97%
168,22.4490,0.3253,200.3344,0.9699,0.9256,0.1128,0.0555,76%,71%,94%,71%,30%,97%
169,22.5158,0.3250,200.6957,0.9711,0.9267,0.1065,0.0552,76%,71%,94%,71%,30%,97%
170,22.3778,0.3289,201.2146,0.9728,0.9220,0.1093,0.0457,76%,71%,94%,71%,30%,97%
171,22.1380,0.3267,201.5246,0.9709,0.9166,0.1137,0.0445,76%,71%,94%,71%,30%,97%
172,22.2063,0.3343,201.9951,0.9734,0.9140,0.0997,0.0428,76%,71%,94%,71%,30%,97%
173,21.8564,0.3394,202.4595,0.9730,0.9159,0.1034,0.0433,75%,71%,94%,71%,30%,97%
174,21.4837,0.3354,204.1245,0.9661,0.9113,0.1150,0.0456,75%,71%,94%,71%,29%,97%
175,21.5230,0.3303,205.5438,0.9690,0.9084,0.1143,0.0567,75%,71%,94%,70%,28%,97%
176,21.6334,0.3358,206.9031,0.9643,0.9014,0.1228,0.0599,75%,70%,94%,70%,27%,97%
177,21.6588,0.3356,208.3008,0.9793,0.9021,0.1167,0.0440,74%,70%,94%,70%,26%,97%
178,21.7096,0.3236,209.9342,0.9804,0.9004,0.1123,0.0495,74%,70%,94%,70%,25%,97%
179,21.1370,0.3265,211.5073,0.9787,0.9023,0.1171,0.0547,74%,70%,94%,69%,24%,97%
180,21.2738,0.3309,213.0549,0.9826,0.9045,0.1131,0.0410,74%,69%,94%,69%,23%,97%
181,21.6208,0.3325,214.7484,0.9896,0.9025,0.1205,0.0446,73%,69%,94%,69%,22%,97%
182,21.7828,0.3418,216.2047,0.9968,0.9011,0.1264,0.0469,73%,69%,94%,68%,21%,97%
183,21.9236,0.3358,217.5460,0.9980,0.8973,0.1229,0.0337,73%,69%,94%,68%,20%,97%
184,21.9080,0.3327,219.2000,1.0000,0.8963,0.1256,0.0530,72%,68%,94%,68%,19%,97%
185,21.9029,0.3407,220.7655,1.0000,0.8918,0.1320,0.0472,72%,68%,94%,67%,18%,97%
186,21.7938,0.3339,222.3132,1.0000,0.8922,0.1369,0.0525,72%,68%,94%,67%,17%,97%
187,21.8261,0.3361,223.8852,0.9921,0.8895,0.1425,0.0442,72%,68%,94%,67%,16%,97%
188,21.4954,0.3299,225.3564,0.9920,0.8860,0.1433,0.0462,71%,67%,94%,66%,15%,97%
189,21.8262,0.3363,226.9133,0.9788,0.8825,0.1401,0.0452,71%,67%,94%,66%,14%,97%
190,21.5545,0.3283,228.5712,0.9741,0.8778,0.1451,0.0203,71%,67%,94%,66%,13%,97%
191,21.7212,0.3307,230.0417,0.9806,0.8813,0.1383,0.0195,71%,67%,94%,65%,12%,97%
192,21.9958,0.3358,231.7084,0.9812,0.8848,0.1388,0.0294,70%,66%,93%,65%,11%,96%
193,22.1266,0.3367,233.1862,0.9807,0.8840,0.1422,0.0366,70%,66%,93%,65%,10%,96%
194,22.6184,0.3231,234.6825,0.9760,0.8885,0.1372,0.0439,70%,66%,93%,64%,10%,96%
195,21.9880,0.3252,236.1802,0.9715,0.8844,0.1371,0.0509,69%,66%,93%,64%,9%,96%
196,21.7945,0.3088,237.7197,0.9678,0.8831,0.1454,0.0476,69%,65%,93%,64%,8%,96%
197,22.0584,0.3131,239.1336,0.9605,0.8869,0.1413,0.0379,69%,65%,93%,64%,7%,96%
198,21.6608,0.3100,239.4366,0.9489,0.8918,0.1426,0.0438,69%,65%,93%,64%,7%,96%
199,21.4094,0.3119,239.7790,0.9537,0.9008,0.1434,0.0481,69%,65%,93%,64%,7%,96%
200,21.5077,0.3021,240.2140,0.9617,0.9002,0.1451,0.0561,69%,65%,93%,64%,7%,96%
201,21.1139,0.3137,240.5345,0.9582,0.9014,0.1428,0.0847,69%,65%,93%,64%,7%,96%
202,21.1184,0.3127,240.9257,0.9618,0.9007,0.1448,0.3919,69%,65%,93%,64%,8%,96%
203,21.2237,0.3118,241.3752,0.9553,0.9001,0.1380,0.3414,68%,65%,93%,64%,8%,96%
204,21.2404,0.3102,242.9181,0.9567,0.9039,0.1303,0.3156,68%,64%,93%,63%,7%,96%
205,21.2785,0.3110,244.3684,0.9495,0.9052,0.1423,0.2856,68%,64%,93%,63%,6%,96%
206,21.0800,0.3168,245.9455,0.9537,0.9072,0.1528,0.2599,68%,64%,93%,63%,5%,96%
207,21.1228,0.3126,247.5158,0.9537,0.9092,0.1456,0.2190,67%,64%,93%,62%,4%,96%
208,21.0146,0.3289,248.8699,0.9470,0.9126,0.1455,0.2183,67%,63%,93%,62%,3%,96%
209,22.4401,0.3096,250.4129,0.9495,0.9145,0.1379,0.2036,67%,63%,93%,62%,3%,96%
210,21.8266,0.3007,251.8163,0.9574,0.9098,0.1400,0.1815,67%,63%,93%,62%,2%,96%
211,21.3899,0.2944,253.3775,0.9571,0.9089,0.1428,0.1404,66%,63%,93%,61%,1%,96%
212,21.1892,0.2926,254.7255,0.9566,0.9120,0.1417,0.1307,66%,63%,93%,61%,0%,96%
213,21.1028,0.2832,256.2307,0.9563,0.9086,0.1497,0.1392,66%,62%,93%,61%,0%,96%
214,21.3669,0.2817,257.6589,0.9567,0.9147,0.1444,0.1500,66%,62%,93%,61%,0%,96%
215,21.3203,0.2878,259.1685,0.9626,0.9175,0.1383,0.0978,66%,62%,93%,60%,0%,96%
216,21.2701,0.2879,260.6646,0.9687,0.9215,0.1399,0.0952,65%,62%,93%,60%,0%,96%
217,21.2715,0.3042,262.1069,0.9579,0.9126,0.1467,0.0867,65%,61%,93%,60%,0%,96%
218,21.1012,0.2926,263.8721,0.9636,0.9046,0.1338,0.0885,65%,61%,92%,59%,0%,96%
219,20.8711,0.2934,265.5259,0.9623,0.9071,0.1383,0.1042,64%,61%,92%,59%,0%,96%
220,21.0823,0.2889,267.1911,0.9703,0.9058,0.1386,0.1007,64%,61%,92%,59%,0%,96%
221,20.7302,0.2940,268.6510,0.9723,0.8992,0.1441,0.1138,64%,60%,92%,58%,0%,96%
222,20.4916,0.2847,270.2001,0.9768,0.9002,0.1508,0.0878,64%,60%,92%,58%,0%,95%
223,20.4995,0.2850,271.8118,0.9739,0.9035,0.1488,0.1305,63%,60%,92%,58%,0%,95%
224,20.7716,0.2969,272.1305,0.9668,0.9046,0.1523,0.1243,63%,60%,92%,58%,0%,95%
225,20.6564,0.3052,272.6245,0.9677,0.9021,0.1533,0.1005,63%,60%,92%,58%,0%,95%
226,20.5203,0.3055,272.9420,0.9722,0.9031,0.1532,0.0972,63%,60%,92%,58%,0%,95%
227,20.5114,0.3091,273.2771,0.9756,0.9046,0.1501,0.0983,63%,60%,92%,58%,0%,95%
228,20.6410,0.2999,273.6976,0.9792,0.9037,0.1450,0.0825,63%,59%,92%,58%,0%,95%
229,20.5840,0.3163,274.2059,0.9800,0.9108,0.1526,0.0897,63%,59%,92%,58%,0%,95%
230,20.8841,0.3287,274.6783,0.9833,0.9086,0.1478,0.0736,63%,59%,92%,58%,0%,95%
231,21.1720,0.3364,275.0830,0.9788,0.9100,0.1459,0.0796,63%,59%,92%,58%,0%,95%
232,21.1255,0.3383,275.3638,0.9777,0.9147,0.1486,0.0498,63%,59%,92%,58%,0%,95%
233,21.6032,0.3365,275.6974,0.9696,0.9177,0.1400,0.0633,63%,59%,92%,58%,0%,95%
234,21.5723,0.3328,276.1027,0.9690,0.9195,0.1373,0.0675,63%,59%,92%,58%,0%,95%
235,21.7955,0.3243,277.6706,0.9671,0.9197,0.1332,0.0534,62%,59%,92%,57%,0%,95%
236,21.8152,0.3364,279.0951,0.9671,0.9250,0.1345,0.0876,62%,59%,92%,57%,0%,95%
237,21.8284,0.3355,280.6830,0.9720,0.9225,0.1326,0.0955,62%,58%,92%,57%,0%,95%
238,21.3648,0.3371,282.1371,0.9720,0.9185,0.1320,0.1387,62%,58%,92%,56%,0%,95%
239,21.0562,0.3414,283.8050,0.9571,0.9154,0.1274,0.1543,61%,58%,92%,56%,0%,95%
240,20.9784,0.3352,285.3228,0.9636,0.9203,0.1268,0.1399,61%,58%,92%,56%,0%,95%
241,21.2567,0.3361,286.7656,0.9640,0.9224,0.1262,0.1518,61%,57%,92%,56%,0%,95%
242,21.3231,0.3361,288.2936,0.9676,0.9235,0.1275,0.1375,61%,57%,92%,55%,0%,95%
243,21.2261,0.3387,289.8501,0.9633,0.9227,0.1241,0.1433,60%,57%,92%,55%,0%,95%
244,21.3628,0.3421,291.3466,0.9671,0.9194,0.1222,0.1746,60%,57%,92%,55%,0%,95%
245,21.5998,0.3338,292.8265,0.9745,0.9147,0.1238,0.1691,60%,56%,92%,54%,0%,95%
246,21.5534,0.3295,294.1810,0.9660,0.9112,0.1245,0.1593,60%,56%,92%,54%,0%,95%
247,21.5649,0.3238,295.6861,0.9719,0.9114,0.1171,0.1542,59%,56%,92%,54%,0%,95%
248,21.5426,0.3274,297.1260,0.9668,0.9127,0.1135,0.1585,59%,56%,92%,54%,0%,95%
249,21.4850,0.3411,298.4798,0.9627,0.9112,0.1147,0.1708,59%,56%,91%,53%,0%,95%
250,21.2513,0.3441,300.0027,0.9623,0.9062,0.1164,0.1838,59%,55%,91%,53%,0%,95%
251,21.0183,0.3305,301.3480,0.9725,0.9047,0.1249,0.1950,58%,55%,91%,53%,0%,94%
252,21.1700,0.3335,302.8839,0.9631,0.9017,0.1250,0.1587,58%,55%,91%,53%,0%,94%
253,21.4277,0.3324,304.3638,0.9595,0.8947,0.1191,0.1312,58%,55%,91%,52%,0%,94%
254,21.3219,0.3339,304.5460,0.9594,0.8961,0.1152,0.1230,58%,55%,91%,52%,0%,94%
255,21.2190,0.3347,304.9785,0.9623,0.8923,0.1159,0.1626,58%,54%,91%,52%,0%,94%
256,20.7436,0.3209,305.4975,0.9614,0.8913,0.1133,0.1566,58%,54%,91%,52%,0%,94%
257,20.2664,0.3100,305.7846,0.9633,0.8914,0.1133,0.1347,58%,54%,91%,52%,0%,94%
258,20.6661,0.3056,306.2480,0.9577,0.8877,0.1089,0.1097,57%,54%,91%,52%,0%,94%
259,20.5129,0.3057,306.7078,0.9613,0.8794,0.1094,0.1091,57%,54%,91%,52%,0%,94%
260,19.8108,0.3066,307.1205,0.9662,0.8795,0.1131,0.1655,57%,54%,91%,52%,0%,94%
261,20.5110,0.2994,307.5745,0.9604,0.8843,0.1106,0.1520,57%,54%,91%,52%,0%,94%
262,20.4102,0.2990,307.8946,0.9561,0.8891,0.1170,0.1480,57%,54%,91%,52%,0%,94%
263,20.0672,0.2931,308.2699,0.9578,0.8867,0.1087,0.1349,57%,54%,91%,52%,0%,94%
264,20.1667,0.2947,308.6174,0.9591,0.8813,0.1090,0.1217,57%,54%,91%,52%,0%,94%
265,20.4310,0.3059,309.1052,0.9614,0.8772,0.1082,0.1112,57%,54%,91%,52%,0%,94%
266,20.6436,0.3083,309.5240,0.9550,0.8793,0.1075,0.1118,57%,54%,91%,52%,0%,94%
267,20.8966,0.3202,310.0807,0.9527,0.8764,0.1015,0.1133,57%,54%,91%,52%,0%,94%
268,20.6623,0.3102,311.5329,0.9499,0.8678,0.0992,0.1241,56%,53%,91%,52%,0%,94%
269,21.0233,0.2933,312.9994,0.9564,0.8700,0.1063,0.0850,56%,53%,91%,52%,0%,94%
270,21.3724,0.2922,314.5520,0.9556,0.8672,0.1097,0.0741,56%,53%,91%,51%,0%,94%
271,21.7064,0.2994,316.0553,0.9528,0.8689,0.1116,0.0727,56%,53%,91%,51%,0%,94%
272,21.7144,0.3002,317.5603,0.9479,0.8688,0.1167,0.0758,55%,52%,91%,51%,0%,94%
273,21.5668,0.3125,319.0575,0.9476,0.8701,0.1108,0.0661,55%,52%,91%,50%,0%,94%
274,21.4093,0.3048,320.4866,0.9533,0.8692,0.1174,0.0575,55%,52%,91%,50%,0%,94%
275,20.9851,0.3144,322.0550,0.9452,0.8686,0.1124,0.0581,55%,52%,91%,50%,0%,94%
276,20.8516,0.3137,323.5505,0.9454,0.8691,0.1075,0.0613,54%,51%,91%,50%,0%,94%
277,20.2649,0.3279,324.9263,0.9477,0.8708,0.1081,0.0611,54%,51%,91%,49%,0%,93%
278,19.9021,0.3260,326.3935,0.9574,0.8643,0.1143,0.0959,54%,51%,91%,49%,0%,93%
279,20.0519,0.3346,328.0176,0.9605,0.8614,0.1092,0.0955,54%,51%,91%,49%,0%,93%
280,20.0644,0.3347,329.3297,0.9670,0.8585,0.1137,0.0628,53%,50%,91%,49%,0%,93%
281,20.1901,0.3348,330.9879,0.9670,0.8619,0.1221,0.0403,53%,50%,91%,48%,0%,93%
282,20.4316,0.3318,332.3401,0.9596,0.8595,0.1272,0.0494,53%,50%,90%,48%,0%,93%
283,20.5733,0.3361,333.7104,0.9522,0.8596,0.1288,0.0516,52%,49%,90%,48%,0%,93%
284,20.6816,0.3321,334.1045,0.9482,0.8628,0.1222,0.0332,52%,49%,90%,48%,0%,93%
285,20.6853,0.3341,334.6876,0.9486,0.8603,0.1193,0.0334,52%,49%,90%,48%,0%,93%
286,20.5221,0.3306,335.1841,0.9468,0.8522,0.1148,0.0502,52%,49%,90%,48%,0%,93%
287,20.2492,0.3232,335.5851,0.9442,0.8532,0.1142,0.0399,52%,49%,90%,48%,0%,93%
288,20.1808,0.3022,335.9101,0.9530,0.8499,0.1131,0.0024,52%,49%,90%,48%,0%,93%
289,20.2287,0.3018,337.3570,0.9406,0.8499,0.1103,0.0000,52%,49%,90%,47%,0%,93%
290,20.3032,0.2967,337.8900,0.9350,0.8595,0.1180,0.0123,52%,49%,90%,47%,0%,93%
291,20.5839,0.2902,338.2577,0.9467,0.8612,0.1247,0.0112,52%,49%,90%,47%,0%,93%
292,20.5773,0.2873,338.7240,0.9480,0.8552,0.1261,0.0287,52%,49%,90%,47%,0%,93%
293,20.7482,0.2834,339.0232,0.9443,0.8575,0.1256,0.0548,52%,49%,90%,47%,0%,93%
294,20.8780,0.2858,339.3280,0.9383,0.8563,0.1286,0.0739,51%,48%,90%,47%,0%,93%
295,20.6628,0.2861,339.7675,0.9421,0.8518,0.1297,0.0697,51%,48%,90%,47%,0%,93%
296,20.3261,0.2927,340.2672,0.9453,0.8563,0.1188,0.0710,51%,48%,90%,47%,0%,93%
297,20.6920,0.3072,340.6166,0.9490,0.8602,0.1160,0.0761,51%,48%,90%,47%,0%,93%
298,20.8075,0.3014,341.0542,0.9422,0.8539,0.1158,0.0676,51%,48%,90%,47%,0%,93%
299,20.5338,0.2985,342.5576,0.9425,0.8536,0.1214,0.0659,51%,48%,90%,47%,0%,93%
300,20.3031,0.3026,344.1805,0.9411,0.8563,0.1270,0.0957,51%,48%,90%,47%,0%,93%
301,20.8582,0.3070,345.6415,0.9430,0.8513,0.1188,0.0968,50%,47%,90%,46%,0%,92%
302,20.6601,0.2966,347.0923,0.9346,0.8495,0.1134,0.0906,50%,47%,90%,46%,0%,92%
303,21.0901,0.2896,348.5290,0.9372,0.8499,0.1081,0.0883,50%,47%,90%,46%,0%,92%
304,21.1452,0.2854,349.0122,0.9447,0.8518,0.1078,0.1044,50%,47%,90%,46%,0%,92%
305,20.7206,0.2760,349.4846,0.9374,0.8560,0.0967,0.0940,50%,47%,90%,46%,0%,92%
306,20.6371,0.2762,349.9428,0.9416,0.8560,0.1004,0.0776,50%,47%,90%,46%,0%,92%
307,20.8692,0.2670,350.3117,0.9497,0.8550,0.0958,0.0862,50%,47%,90%,46%,0%,92%
308,20.4360,0.2640,351.9274,0.9539,0.8523,0.0911,0.0745,49%,46%,90%,46%,0%,92%
309,20.3367,0.2656,353.4830,0.9533,0.8507,0.0876,0.0693,49%,46%,90%,45%,0%,92%
310,20.2329,0.2622,354.9669,0.9537,0.8544,0.0932,0.0771,49%,46%,90%,45%,0%,92%
311,20.4295,0.2584,356.5724,0.9507,0.8581,0.0888,0.0706,49%,45%,90%,45%,0%,92%
312,20.5872,0.2545,358.1805,0.9515,0.8550,0.0851,0.0924,48%,45%,90%,44%,0%,92%
313,20.7547,0.2481,359.7067,0.9460,0.8546,0.0803,0.0709,48%,45%,90%,44%,0%,92%
314,20.8332,0.2507,361.1819,0.9460,0.8489,0.0811,0.0655,48%,45%,90%,44%,0%,92%
315,20.9581,0.2602,362.8154,0.9415,0.8504,0.0829,0.0539,47%,44%,90%,44%,0%,92%
316,20.6408,0.2627,364.2795,0.9339,0.8576,0.0822,0.0462,47%,44%,90%,43%,0%,92%
317,20.7299,0.2549,365.7418,0.9412,0.8575,0.0862,0.0485,47%,44%,90%,43%,0%,92%
318,21.1143,0.2470,367.3500,0.9315,0.8667,0.0910,0.0484,47%,44%,90%,43%,0%,92%
319,21.1132,0.2650,368.8996,0.9403,0.8713,0.0950,0.0740,47%,43%,89%,42%,0%,92%
320,20.9492,0.2714,370.2920,0.9290,0.8774,0.0980,0.0721,46%,43%,89%,42%,0%,92%
321,20.8199,0.2749,371.8200,0.9335,0.8724,0.0978,0.0621,46%,43%,89%,42%,0%,92%
322,21.1750,0.2536,373.2666,0.9342,0.8775,0.0947,0.0589,46%,43%,89%,42%,0%,92%
323,20.5578,0.2632,374.8276,0.9257,0.8809,0.1044,0.0225,46%,42%,89%,41%,0%,92%
324,21.2305,0.2775,376.3371,0.9229,0.8848,0.1012,0.0299,45%,42%,89%,41%,0%,91%
325,20.7279,0.2918,377.8664,0.9175,0.8784,0.1028,0.0358,45%,42%,89%,41%,0%,91%
326,20.6781,0.2805,379.3223,0.9124,0.8779,0.1142,0.0437,45%,42%,89%,41%,0%,91%
327,20.4255,0.2934,380.8405,0.9167,0.8796,0.1146,0.0766,45%,41%,89%,40%,0%,91%
328,20.6026,0.2945,382.5103,0.9105,0.8816,0.1159,0.0981,44%,41%,89%,40%,0%,91%
329,20.8092,0.2763,383.8927,0.9005,0.8812,0.1149,0.0790,44%,41%,89%,40%,0%,91%
330,20.8674,0.2909,385.5153,0.9059,0.8773,0.1208,0.0853,44%,41%,89%,39%,0%,91%
331,20.8425,0.2936,387.1008,0.9076,0.8788,0.1178,0.0574,44%,40%,89%,39%,0%,91%
332,20.4225,0.2904,388.5189,0.9074,0.8744,0.1195,0.0409,43%,40%,89%,39%,0%,91%
333,20.3710,0.2964,390.0305,0.9057,0.8703,0.1244,0.0125,43%,40%,89%,39%,0%,91%
334,20.3778,0.2920,391.5572,0.9090,0.8744,0.1167,0.0000,43%,40%,89%,38%,0%,91%
335,20.1517,0.2869,393.1040,0.9106,0.8869,0.1214,0.0111,42%,39%,89%,38%,0%,91%
336,20.2994,0.3024,394.6685,0.9098,0.8865,0.1149,0.0178,42%,39%,89%,38%,0%,91%
337,20.3998,0.3074,396.1867,0.9066,0.8847,0.1161,0.0152,42%,39%,89%,37%,0%,91%
338,20.3668,0.3146,397.6184,0.9118,0.8784,0.1243,0.0186,42%,39%,89%,37%,0%,91%
339,20.4131,0.3100,399.1274,0.9189,0.8764,0.1222,0.0383,41%,38%,89%,37%,0%,91%
340,20.3745,0.3076,400.5323,0.9211,0.8733,0.1289,0.0346,41%,38%,89%,37%,0%,91%
341,19.9981,0.3156,401.9623,0.9360,0.8710,0.1394,0.0636,41%,38%,89%,36%,0%,91%
342,20.1988,0.3018,403.4143,0.9369,0.8716,0.1382,0.0779,41%,37%,89%,36%,0%,91%
343,19.6217,0.3076,405.0815,0.9376,0.8835,0.1466,0.0522,40%,37%,89%,36%,0%,91%
344,19.8000,0.3015,406.5859,0.9451,0.8868,0.1469,0.0510,40%,37%,88%,35%,0%,91%
345,19.5668,0.2974,408.0639,0.9464,0.8966,0.1499,0.0407,40%,37%,88%,35%,0%,90%
346,19.7688,0.2817,409.6019,0.9475,0.8930,0.1465,0.0241,40%,36%,88%,35%,0%,90%
347,19.9636,0.2919,411.1230,0.9454,0.8848,0.1420,0.0298,39%,36%,88%,35%,0%,90%
348,20.1434,0.3021,412.5760,0.9476,0.8870,0.1414,0.0329,39%,36%,88%,34%,0%,90%
349,20.4161,0.2862,413.8963,0.9388,0.8880,0.1445,0.0469,39%,35%,88%,34%,0%,90%
350,20.7758,0.3010,415.2985,0.9349,0.8909,0.1377,0.0645,39%,35%,88%,34%,0%,90%
351,20.6849,0.2954,416.9047,0.9292,0.8913,0.1334,0.0366,38%,35%,88%,34%,0%,90%
352,20.9078,0.2969,418.4569,0.9179,0.8896,0.1366,0.0370,38%,35%,88%,33%,0%,90%
353,20.8005,0.2883,419.9396,0.9232,0.8929,0.1405,0.0130,38%,34%,88%,33%,0%,90%
354,20.8949,0.2937,421.2926,0.9213,0.8933,0.1417,0.0017,38%,34%,88%,33%,0%,90%
355,21.1414,0.2857,422.7227,0.9166,0.8997,0.1371,0.0000,37%,34%,88%,33%,0%,90%
356,20.9234,0.2753,424.3224,0.9183,0.8964,0.1415,0.0000,37%,34%,88%,32%,0%,90%
357,20.3494,0.2832,425.9330,0.9117,0.8931,0.1453,0.0046,37%,33%,88%,32%,0%,90%
358,20.1727,0.2879,427.4590,0.9160,0.8972,0.1385,0.0030,37%,33%,88%,32%,0%,90%
359,20.5171,0.2722,429.0909,0.9230,0.8956,0.1315,0.0099,36%,33%,88%,31%,0%,90%
360,20.2980,0.2700,430.5453,0.9155,0.8895,0.1366,0.0000,36%,33%,88%,31%,0%,90%
361,20.6165,0.2572,432.0591,0.9213,0.8812,0.1333,0.0138,36%,32%,88%,31%,0%,90%
362,20.4195,0.2659,433.5745,0.9221,0.8779,0.1406,0.0028,36%,32%,88%,31%,0%,90%
363,20.4106,0.2702,434.9946,0.9276,0.8776,0.1499,0.0136,35%,32%,88%,30%,0%,90%
364,20.4543,0.2788,436.3584,0.9284,0.8798,0.1455,0.0139,35%,32%,88%,30%,0%,90%
365,19.8600,0.2595,437.7965,0.9239,0.8736,0.1576,0.0189,35%,31%,88%,30%,0%,90%
366,19.6472,0.2631,439.3615,0.9156,0.8716,0.1562,0.0323,35%,31%,88%,30%,0%,89%
367,19.9268,0.2599,440.7019,0.9097,0.8660,0.1558,0.0309,35%,31%,88%,29%,0%,89%
368,19.7571,0.2570,442.0252,0.9069,0.8627,0.1613,0.0222,34%,30%,88%,29%,0%,89%
369,20.1386,0.2513,443.5237,0.9121,0.8648,0.1684,0.1275,34%,30%,87%,29%,0%,89%
370,19.8333,0.2575,445.0425,0.9151,0.8652,0.1706,0.1461,34%,30%,87%,29%,0%,89%
371,20.2919,0.2586,446.5086,0.9164,0.8689,0.1712,0.1512,34%,30%,87%,28%,0%,89%
372,20.5404,0.2457,447.9588,0.9236,0.8717,0.1671,0.1326,33%,29%,87%,28%,0%,89%
373,20.2973,0.2627,449.4189,0.9141,0.8711,0.1741,0.1270,33%,29%,87%,28%,0%,89%
374,20.3681,0.2597,451.0093,0.9079,0.8632,0.1792,0.0993,33%,29%,87%,28%,0%,89%
375,20.3717,0.2608,452.3985,0.9019,0.8616,0.1844,0.0823,33%,28%,87%,27%,0%,89%
376,20.4615,0.2659,454.0294,0.9020,0.8645,0.1776,0.0783,32%,28%,87%,27%,0%,89%
377,20.7063,0.2625,455.6397,0.8933,0.8645,0.1814,0.0751,32%,28%,87%,27%,0%,89%
378,20.1680,0.2464,457.2316,0.8902,0.8663,0.1872,0.0771,32%,28%,87%,26%,0%,89%
379,20.5315,0.2399,458.7831,0.8969,0.8673,0.1929,0.0926,32%,27%,87%,26%,0%,89%
380,21.7795,0.2284,460.2411,0.9018,0.8717,0.1784,0.1027,31%,27%,87%,26%,0%,89%
381,22.1666,0.2280,461.6205,0.9094,0.8745,0.1818,0.0970,31%,27%,87%,26%,0%,89%
382,21.9803,0.2525,463.0799,0.9063,0.8723,0.1789,0.1047,31%,27%,87%,26%,0%,89%
383,21.9048,0.2584,464.6158,0.9009,0.8712,0.1799,0.0853,31%,26%,87%,25%,0%,89%
384,21.5786,0.2618,466.0521,0.9021,0.8757,0.1807,0.0884,31%,26%,87%,25%,0%,89%
385,21.9786,0.2632,467.5602,0.8972,0.8742,0.1739,0.0835,30%,26%,87%,25%,0%,89%
386,21.6701,0.2541,469.2003,0.8966,0.8647,0.1789,0.0808,30%,26%,87%,24%,0%,89%
387,21.7764,0.2650,469.6239,0.8957,0.8603,0.1899,0.0968,30%,26%,87%,24%,0%,89%
388,22.0267,0.2775,470.0372,0.8982,0.8601,0.1970,0.1194,30%,25%,87%,24%,0%,89%
389,22.1296,0.2951,470.5138,0.9054,0.8586,0.2021,0.1153,30%,25%,87%,24%,0%,88%
390,22.1244,0.2958,470.7332,0.9122,0.8621,0.2058,0.0963,30%,25%,87%,24%,0%,88%
391,22.0554,0.3050,471.1666,0.9168,0.8608,0.2063,0.0826,30%,25%,87%,24%,0%,88%
392,21.6510,0.3096,471.5397,0.9156,0.8713,0.2047,0.0819,30%,25%,87%,24%,0%,88%
393,22.0311,0.3052,471.9562,0.9188,0.8747,0.2019,0.0854,30%,25%,87%,24%,0%,88%
394,22.0125,0.3088,472.2362,0.9167,0.8669,0.2029,0.0853,29%,25%,87%,24%,0%,88%
395,21.9345,0.3040,472.4639,0.9119,0.8650,0.1981,0.0754,29%,25%,87%,24%,0%,88%
396,21.5863,0.2898,472.7048,0.9040,0.8650,0.1930,0.1048,29%,25%,87%,24%,0%,88%
397,21.5545,0.2958,473.0093,0.9009,0.8668,0.1850,0.1111,29%,25%,87%,24%,0%,88%
398,21.4974,0.2960,473.4530,0.9033,0.8741,0.1810,0.1318,29%,25%,87%,24%,0%,88%
399,21.9070,0.2885,473.8154,0.9067,0.8730,0.1819,0.1341,29%,25%,87%,24%,0%,88%
400,21.8373,0.2941,474.2522,0.9067,0.8665,0.1902,0.1143,29%,25%,87%,24%,0%,88%
401,21.7813,0.2991,474.5518,0.9096,0.8653,0.1857,0.2506,29%,25%,87%,24%,0%,88%
402,21.4482,0.2946,476.0431,0.9066,0.8702,0.1796,0.2481,29%,24%,86%,24%,0%,88%
403,21.2259,0.2759,477.5449,0.9149,0.8701,0.1810,0.2170,29%,24%,86%,24%,0%,88%
404,21.3356,0.2694,479.1241,0.9155,0.8706,0.1813,0.1801,28%,24%,86%,23%,0%,88%
405,20.8621,0.2633,479.4594,0.9138,0.8700,0.1894,0.1489,28%,24%,86%,23%,0%,88%
406,21.1220,0.2657,479.8894,0.9170,0.8771,0.1873,0.1442,28%,24%,86%,23%,0%,88%
407,21.3687,0.2732,480.3061,0.9162,0.8849,0.1918,0.1211,28%,24%,86%,23%,0%,88%
408,21.1280,0.2674,480.7984,0.9178,0.8866,0.1964,0.1229,28%,24%,86%,23%,0%,88%
409,21.2039,0.2701,481.2135,0.9252,0.8840,0.1992,0.1459,28%,24%,86%,23%,0%,88%
410,21.5094,0.2786,481.8045,0.9210,0.8895,0.2000,0.1669,28%,24%,86%,23%,0%,88%
411,21.4356,0.2765,482.1996,0.9195,0.8826,0.2063,0.1439,28%,23%,86%,23%,0%,88%
412,21.3210,0.2637,482.5625,0.9185,0.8818,0.2029,0.1118,28%,23%,86%,23%,0%,88%
413,21.2448,0.2645,483.0292,0.9187,0.8848,0.2102,0.0972,28%,23%,86%,23%,0%,88%
414,21.2884,0.2529,483.3676,0.9283,0.8917,0.2096,0.1125,28%,23%,86%,23%,0%,88%
415,21.1083,0.2541,483.8807,0.9329,0.8890,0.2105,0.0886,28%,23%,86%,23%,0%,88%
416,20.9992,0.2526,484.3199,0.9395,0.8861,0.2105,0.1111,27%,23%,86%,23%,0%,88%
417,21.0675,0.2595,484.7194,0.9265,0.8904,0.2058,0.0845,27%,23%,86%,23%,0%,88%
418,20.9418,0.2548,484.9962,0.9291,0.8893,0.2078,0.0924,27%,23%,86%,23%,0%,87%
419,20.6559,0.2588,485.4045,0.9306,0.8909,0.2010,0.0879,27%,23%,86%,23%,0%,87%
420,20.2180,0.2490,485.8066,0.9334,0.8948,0.1993,0.0818,27%,23%,86%,23%,0%,87%
421,20.2883,0.2469,486.1161,0.9336,0.8905,0.1943,0.0992,27%,23%,86%,23%,0%,87%
422,20.6488,0.2523,486.4577,0.9303,0.8901,0.1947,0.1045,27%,23%,86%,23%,0%,87%
423,20.7759,0.2429,486.9147,0.9340,0.8901,0.1975,0.0818,27%,23%,86%,23%,0%,87%
424,20.5118,0.2473,488.3522,0.9331,0.8889,0.1940,0.1087,27%,22%,86%,23%,0%,87%
425,20.3627,0.2509,489.8520,0.9331,0.8967,0.2067,0.1594,27%,22%,86%,23%,0%,87%
426,20.3321,0.2543,491.3050,0.9302,0.8979,0.2002,0.1378,26%,22%,86%,23%,0%,87%
427,20.8449,0.2664,492.7413,0.9293,0.8979,0.1995,0.1400,26%,22%,86%,22%,0%,87%
428,21.3336,0.2610,494.2219,0.9320,0.8999,0.1957,0.1350,26%,21%,86%,22%,0%,87%
429,21.7453,0.2647,495.7994,0.9362,0.8984,0.1978,0.1272,26%,21%,86%,22%,0%,87%
430,21.7184,0.2764,497.5172,0.9361,0.8987,0.2005,0.0868,25%,21%,86%,21%,0%,87%
431,22.4557,0.2889,498.8583,0.9366,0.9023,0.1975,0.1184,25%,21%,86%,21%,0%,87%
432,22.1624,0.2882,500.2748,0.9357,0.8972,0.1914,0.1129,25%,20%,86%,21%,0%,87%
433,21.9790,0.2810,501.7240,0.9402,0.8904,0.1905,0.1036,25%,20%,86%,21%,0%,87%
434,22.1278,0.2687,502.1174,0.9381,0.8912,0.1914,0.0996,25%,20%,86%,21%,0%,87%
435,22.1072,0.2697,503.5484,0.9367,0.8866,0.1902,0.0701,24%,20%,86%,20%,0%,87%
436,22.1028,0.2682,505.0873,0.9373,0.8794,0.1901,0.0601,24%,20%,86%,20%,0%,87%
437,21.5303,0.2738,506.5481,0.9352,0.8747,0.1802,0.0476,24%,19%,86%,20%,0%,87%
438,21.2424,0.2697,507.9368,0.9367,0.8715,0.1827,0.0285,24%,19%,86%,20%,0%,87%
439,21.2084,0.2622,508.3921,0.9451,0.8732,0.1876,0.0105,24%,19%,85%,20%,0%,87%
440,21.0183,0.2432,508.7738,0.9451,0.8709,0.1830,0.0127,24%,19%,85%,20%,0%,87%
441,20.6813,0.2434,509.1795,0.9526,0.8700,0.1803,0.0215,24%,19%,85%,20%,0%,87%
442,20.5606,0.2387,509.5168,0.9574,0.8749,0.1813,0.0225,23%,19%,85%,20%,0%,87%
443,20.6655,0.2261,509.6707,0.9584,0.8750,0.1765,0.0406,23%,19%,85%,20%,0%,87%
444,20.8733,0.2268,510.1326,0.9620,0.8716,0.1790,0.0539,23%,19%,85%,20%,0%,86%
445,20.4105,0.2363,510.6245,0.9694,0.8719,0.1854,0.0582,23%,19%,85%,20%,0%,86%
446,20.4545,0.2267,511.1036,0.9652,0.8716,0.1860,0.0416,23%,19%,85%,20%,0%,86%
447,20.4723,0.2192,511.7064,0.9689,0.8703,0.1878,0.0624,23%,18%,85%,20%,0%,86%
448,20.5709,0.2075,512.1588,0.9753,0.8720,0.1912,0.0669,23%,18%,85%,20%,0%,86%
449,20.3275,0.1891,512.4611,0.9717,0.8787,0.1927,0.0724,23%,18%,85%,20%,0%,86%
450,20.1079,0.2032,512.9592,0.9787,0.8781,0.1870,0.0637,23%,18%,85%,20%,0%,86%
451,20.4905,0.1839,513.4466,0.9821,0.8845,0.1875,0.0734,23%,18%,85%,20%,0%,86%
452,19.9059,0.1826,513.9844,0.9782,0.8839,0.1836,0.0601,23%,18%,85%,19%,0%,86%
453,19.7851,0.1813,514.3809,0.9807,0.8877,0.1818,0.0615,23%,18%,85%,19%,0%,86%
454,19.7802,0.1790,514.7421,0.9737,0.8862,0.1853,0.0482,23%,18%,85%,19%,0%,86%
455,19.7999,0.1810,515.0656,0.9676,0.8882,0.1909,0.0807,23%,18%,85%,19%,0%,86%
456,19.7269,0.1786,515.4768,0.9602,0.8847,0.1962,0.1084,23%,18%,85%,19%,0%,86%
457,19.9485,0.1726,515.9463,0.9616,0.8814,0.1958,0.1086,23%,18%,85%,19%,0%,86%
458,20.1300,0.1594,516.2810,0.9597,0.8864,0.1939,0.0858,23%,18%,85%,19%,0%,86%
459,20.1627,0.1657,517.8175,0.9559,0.8893,0.1940,0.1127,22%,17%,85%,19%,0%,86%
460,20.0742,0.1538,519.2332,0.9533,0.8829,0.1960,0.1312,22%,17%,85%,19%,0%,86%
461,20.0919,0.1572,520.6417,0.9528,0.8811,0.2022,0.1099,22%,17%,85%,19%,0%,86%
462,20.1820,0.1766,521.9578,0.9511,0.8848,0.2050,0.0894,22%,17%,85%,19%,0%,86%
463,20.0595,0.1786,523.3383,0.9486,0.8858,0.2098,0.0784,22%,16%,85%,18%,0%,86%
464,20.2736,0.1768,524.9634,0.9494,0.8853,0.2121,0.0573,21%,16%,85%,18%,0%,86%
465,20.5786,0.1757,526.5700,0.9445,0.8770,0.2137,0.0850,21%,16%,85%,18%,0%,86%
466,20.9714,0.1633,527.9808,0.9417,0.8739,0.2102,0.0813,21%,16%,85%,18%,0%,86%
467,21.3145,0.1711,529.4568,0.9475,0.8684,0.2141,0.0778,21%,15%,85%,17%,0%,86%
468,21.2099,0.1657,531.0979,0.9492,0.8678,0.2133,0.0876,21%,15%,85%,17%,0%,86%
469,21.2229,0.1550,532.6760,0.9401,0.8649,0.2147,0.1021,20%,15%,85%,17%,0%,86%
470,21.1635,0.1554,534.0419,0.9478,0.8625,0.2137,0.0779,20%,15%,85%,17%,0%,85%
471,21.1080,0.1574,535.4696,0.9434,0.8669,0.2038,0.0859,20%,14%,85%,17%,0%,85%
472,21.0413,0.1517,536.9863,0.9517,0.8712,0.2041,0.0758,20%,14%,85%,16%,0%,85%
473,21.0395,0.1492,538.4715,0.9522,0.8774,0.2073,0.0965,20%,14%,85%,16%,0%,85%
474,21.3277,0.1527,539.8684,0.9570,0.8779,0.2001,0.0672,20%,14%,85%,16%,0%,85%
475,21.3789,0.1498,541.3760,0.9480,0.8777,0.2041,0.0820,19%,13%,85%,16%,0%,85%
476,21.0608,0.1442,542.7877,0.9440,0.8814,0.2137,0.0693,19%,13%,84%,15%,0%,85%
477,21.2911,0.1379,544.1808,0.9406,0.8868,0.2148,0.0839,19%,13%,84%,15%,0%,85%
478,21.3207,0.1290,545.6332,0.9377,0.8818,0.2239,0.0707,19%,13%,84%,15%,0%,85%
479,21.4177,0.1293,547.1520,0.9336,0.8772,0.2327,0.0597,19%,13%,84%,15%,0%,85%
480,21.4566,0.1375,548.7845,0.9302,0.8801,0.2314,0.0474,19%,12%,84%,15%,0%,85%
481,21.5041,0.1523,550.2969,0.9295,0.8764,0.2268,0.0584,18%,12%,84%,14%,0%,85%
482,21.5595,0.1461,551.7970,0.9262,0.8748,0.2230,0.0617,18%,12%,84%,14%,0%,85%
483,21.0838,0.1329,553.3704,0.9253,0.8789,0.2273,0.0694,18%,12%,84%,14%,0%,85%
484,21.1965,0.1328,554.8188,0.9268,0.8807,0.2183,0.0650,18%,11%,84%,14%,0%,85%
485,21.0028,0.1317,555.1871,0.9177,0.8785,0.2215,0.0357,18%,11%,84%,14%,0%,85%
486,20.8815,0.1397,555.5865,0.9163,0.8800,0.2256,0.0327,18%,11%,84%,14%,0%,85%
487,20.8905,0.1284,556.0480,0.9112,0.8765,0.2150,0.0000,18%,11%,84%,14%,0%,85%
488,21.3035,0.1183,556.3942,0.9105,0.8795,0.2083,0.0151,18%,11%,84%,14%,0%,85%
489,21.0286,0.1168,556.9107,0.9133,0.8811,0.2134,0.0244,18%,11%,84%,14%,0%,85%
490,21.0174,0.1147,557.3497,0.9061,0.8827,0.2171,0.0000,18%,11%,84%,14%,0%,85%
491,20.9521,0.1081,557.7030,0.9040,0.8822,0.2098,0.0004,18%,11%,84%,14%,0%,85%
492,21.1870,0.1103,558.0363,0.9084,0.8809,0.2068,0.0127,18%,11%,84%,14%,0%,85%
493,21.1014,0.1045,558.5144,0.9134,0.8886,0.2093,0.0371,17%,11%,84%,14%,0%,85%
494,21.1490,0.1071,558.8628,0.9105,0.8889,0.2091,0.0571,17%,11%,84%,14%,0%,85%
495,20.8872,0.1086,559.1518,0.9148,0.8899,0.2060,0.0524,17%,11%,84%,14%,0%,85%
496,21.1724,0.1064,559.5630,0.9160,0.8880,0.1992,0.0287,17%,11%,84%,14%,0%,85%
497,20.8044,0.1101,559.9350,0.9161,0.8900,0.2029,0.0492,17%,11%,84%,14%,0%,85%
498,20.9359,0.1068,560.3482,0.9134,0.8847,0.2000,0.0154,17%,11%,84%,14%,0%,85%
499,20.9984,0.1072,560.8131,0.9145,0.8823,0.2002,0.0124,17%,11%,84%,14%,0%,85%
500,21.0921,0.1132,561.1387,0.9177,0.8818,0.2022,0.0274,17%,11%,84%,14%,0%,85%
501,20.7337,0.1172,561.5406,0.9843,0.8792,0.2072,0.0360,17%,10%,84%,14%,0%,85%
502,20.6793,0.1189,561.9765,0.9864,0.8856,0.1997,0.0471,17%,10%,84%,14%,0%,85%
503,20.9226,0.1172,562.4831,0.9804,0.8808,0.2037,0.0231,17%,10%,84%,14%,0%,85%
504,21.3774,0.1261,563.9677,0.9743,0.8841,0.2088,0.0163,17%,10%,84%,13%,0%,84%
505,21.3198,0.1244,565.4620,0.9768,0.8905,0.2075,0.0320,17%,10%,84%,13%,0%,84%
506,21.4859,0.1242,567.0492,0.9755,0.8887,0.2122,0.0587,17%,10%,84%,13%,0%,84%
507,21.4797,0.1215,568.6575,0.9712,0.8847,0.2090,0.0635,16%,9%,84%,13%,0%,84%
508,21.4265,0.1201,570.2178,0.9727,0.8819,0.2113,0.0447,16%,9%,84%,12%,0%,84%
509,21.2888,0.1218,571.5965,0.9760,0.8834,0.2135,0.0630,16%,9%,84%,12%,0%,84%
510,21.2664,0.1176,573.0321,0.9760,0.8800,0.2170,0.0660,16%,9%,84%,12%,0%,84%
511,21.4126,0.1216,574.5219,0.9831,0.8843,0.2088,0.0528,16%,9%,84%,12%,0%,84%
512,21.5687,0.1232,576.0652,0.9795,0.8817,0.2093,0.0601,16%,8%,84%,12%,0%,84%
513,21.2145,0.1136,577.5514,0.9760,0.8772,0.2066,0.0731,15%,8%,84%,11%,0%,84%
514,21.0721,0.1077,578.9906,0.9804,0.8741,0.2017,0.0613,15%,8%,84%,11%,0%,84%
515,20.8051,0.1040,580.4449,0.9751,0.8691,0.1946,0.0408,15%,8%,83%,11%,0%,84%
516,20.8337,0.0996,580.9468,0.9784,0.8755,0.1941,0.0619,15%,8%,83%,11%,0%,84%
517,20.7628,0.0908,581.3036,0.9702,0.8760,0.1870,0.0580,15%,8%,83%,11%,0%,84%
518,20.8668,0.0948,581.6958,0.9650,0.8737,0.1898,0.0545,15%,7%,83%,11%,0%,84%
519,20.9799,0.0826,582.0123,0.9639,0.8738,0.1878,0.0684,15%,7%,83%,11%,0%,84%
520,20.4545,0.0857,582.2598,0.9617,0.8758,0.1892,0.0696,15%,7%,83%,11%,0%,84%
521,19.9531,0.0917,582.5754,0.9690,0.8794,0.1907,0.0714,15%,7%,83%,11%,0%,84%
522,20.0357,0.0825,583.0063,0.9640,0.8841,0.1839,0.0530,15%,7%,83%,11%,0%,84%
523,20.4097,0.0858,583.3489,0.9636,0.8846,0.1864,0.0398,15%,7%,83%,11%,0%,84%
524,20.3319,0.0875,583.7657,0.9642,0.8859,0.1814,0.0417,15%,7%,83%,11%,0%,84%
525,20.2533,0.0673,584.0708,0.9634,0.8880,0.1774,0.0686,15%,7%,83%,11%,0%,84%
526,20.5596,0.0570,584.3887,0.9688,0.8987,0.1769,0.0623,15%,7%,83%,11%,0%,84%
527,20.7963,0.0532,584.7777,0.9658,0.8943,0.1769,0.0633,15%,7%,83%,11%,0%,84%
528,20.5739,0.0654,585.2235,0.9630,0.8911,0.1701,0.0545,15%,7%,83%,11%,0%,84%
529,20.7826,0.0662,585.8306,0.9578,0.8852,0.1730,0.0568,15%,7%,83%,11%,0%,84%
530,20.6094,0.0825,586.1599,0.9620,0.8909,0.1751,0.0601,15%,7%,83%,11%,0%,84%
531,20.5062,0.0832,586.6640,0.9630,0.8911,0.1764,0.0525,14%,7%,83%,11%,0%,84%
532,20.3068,0.0821,587.1951,0.9642,0.8941,0.1698,0.0676,14%,7%,83%,11%,0%,84%
533,20.0518,0.0777,587.5545,0.9650,0.8903,0.1678,0.0766,14%,7%,83%,11%,0%,84%
534,20.1551,0.0798,587.9914,0.9593,0.8985,0.1686,0.0953,14%,6%,83%,11%,0%,84%
535,19.8784,0.0810,588.3131,0.9615,0.8999,0.1697,0.0982,14%,6%,83%,11%,0%,84%
536,20.0056,0.0724,588.7888,0.9629,0.8965,0.1658,0.0783,14%,6%,83%,11%,0%,84%
537,20.1147,0.0671,589.1871,0.9698,0.8957,0.1642,0.0458,14%,6%,83%,11%,0%,84%
538,20.1471,0.0638,590.5809,0.9717,0.8993,0.1658,0.0489,14%,6%,83%,11%,0%,84%
539,20.1012,0.0570,592.1014,0.9676,0.8978,0.1571,0.0271,14%,6%,83%,10%,0%,84%
540,18.0825,0.0596,593.6848,0.9658,0.8970,0.1610,0.0207,14%,5%,83%,10%,0%,83%
541,18.4297,0.0525,595.0435,0.9745,0.8942,0.1569,0.0071,14%,5%,83%,10%,0%,83%
542,18.6159,0.0425,595.5186,0.9684,0.8964,0.1485,0.0001,14%,5%,83%,10%,0%,83%
543,18.5280,0.0354,595.9604,0.9615,0.8988,0.1538,0.0116,14%,5%,83%,10%,0%,83%
544,18.3276,0.0423,597.4316,0.9625,0.8948,0.1444,0.0136,14%,5%,83%,10%,0%,83%
545,18.5981,0.0413,598.9245,0.9694,0.8890,0.1405,0.0122,13%,4%,83%,10%,0%,83%
546,19.4925,0.0186,600.3369,0.9696,0.8909,0.1396,0.0242,13%,4%,83%,9%,0%,83%
547,19.9719,0.0164,601.9868,0.9636,0.8925,0.1415,0.0312,13%,4%,83%,9%,0%,83%
548,20.0164,0.0069,603.5463,0.9742,0.8896,0.1451,0.0441,13%,4%,83%,9%,0%,83%
549,20.1105,0.0000,605.0166,0.9703,0.8881,0.1468,0.0217,13%,3%,83%,9%,0%,83%
550,20.0796,0.0000,606.4539,0.9742,0.8912,0.1470,0.0128,13%,3%,83%,9%,0%,83%
551,19.7673,0.0000,607.9310,0.9811,0.8857,0.1469,0.0119,13%,3%,83%,9%,0%,83%
552,19.7968,0.0000,609.5002,0.9814,0.8852,0.1507,0.0123,13%,3%,83%,8%,0%,83%
553,19.8952,0.0100,611.0756,0.9842,0.8850,0.1594,0.0237,13%,2%,83%,8%,0%,83%
554,20.0286,0.0009,612.5453,0.9913,0.8896,0.1540,0.0652,12%,2%,83%,8%,0%,83%
555,20.4129,0.0000,614.0264,0.9848,0.8912,0.1495,0.0423,12%,2%,82%,8%,0%,83%
556,20.5835,0.0121,615.5511,0.9885,0.8986,0.1466,0.0354,12%,2%,82%,8%,0%,83%
557,20.9273,0.0198,616.9689,0.9942,0.8944,0.1454,0.0270,12%,1%,82%,7%,0%,83%
558,21.0867,0.0167,618.5359,1.0000,0.8897,0.1518,0.0309,12%,1%,82%,7%,0%,83%
559,21.2097,0.0221,620.0301,0.9978,0.8898,0.1541,0.0352,12%,1%,82%,7%,0%,83%
560,21.3681,0.0182,621.5073,0.9998,0.8913,0.1664,0.0525,12%,1%,82%,7%,0%,83%
561,21.1400,0.0238,623.0530,0.9968,0.8864,0.1675,0.0344,12%,1%,82%,7%,0%,83%
562,21.3388,0.0311,624.5746,0.9937,0.8935,0.1672,0.0537,12%,0%,82%,6%,0%,83%
563,21.2438,0.0331,626.0212,0.9889,0.8887,0.1749,0.0648,11%,0%,82%,6%,0%,83%
564,21.1642,0.0343,627.5885,0.9918,0.8845,0.1697,0.0607,11%,0%,82%,6%,0%,83%
565,21.1708,0.0293,629.0537,0.9926,0.8856,0.1761,0.0652,11%,0%,82%,6%,0%,83%
566,21.0668,0.0372,630.3867,0.9980,0.8813,0.1761,0.0923,11%,0%,82%,6%,0%,83%
567,20.8143,0.0361,631.7743,0.9861,0.8780,0.1726,0.0873,11%,0%,82%,6%,0%,83%
568,20.8299,0.0426,633.2779,0.9815,0.8740,0.1704,0.0913,11%,0%,82%,5%,0%,83%
569,20.7846,0.0619,634.8646,0.9829,0.8721,0.1694,0.0781,11%,0%,82%,5%,0%,83%
570,20.7343,0.0544,636.4758,0.9913,0.8721,0.1711,0.0913,11%,0%,82%,5%,0%,83%
571,20.7309,0.0620,637.9697,0.9876,0.8770,0.1640,0.0594,10%,0%,82%,5%,0%,83%
572,20.2281,0.0646,639.3555,0.9788,0.8659,0.1705,0.0613,10%,0%,82%,5%,0%,83%
573,20.2241,0.0631,640.8598,0.9757,0.8629,0.1711,0.0675,10%,0%,82%,4%,0%,83%
574,20.6316,0.0776,642.3620,0.9752,0.8691,0.1653,0.0602,10%,0%,82%,4%,0%,82%
575,20.9832,0.0754,643.7569,0.9792,0.8680,0.1656,0.0721,10%,0%,82%,4%,0%,82%
576,20.9938,0.0788,645.2055,0.9847,0.8737,0.1582,0.0547,10%,0%,82%,4%,0%,82%
577,20.9953,0.0748,646.6644,0.9881,0.8785,0.1629,0.0237,10%,0%,82%,4%,0%,82%
578,20.4157,0.0769,648.0967,0.9876,0.8808,0.1621,0.0272,9%,0%,82%,3%,0%,82%
579,20.3267,0.0742,649.6881,0.9979,0.8805,0.1587,0.0266,9%,0%,81%,3%,0%,82%
580,20.5531,0.0741,651.0906,0.9944,0.8815,0.1587,0.0294,9%,0%,81%,3%,0%,82%
581,20.4928,0.0764,652.5909,0.9944,0.8786,0.1586,0.0222,9%,0%,81%,3%,0%,82%
582,20.7909,0.0723,653.9968,0.9973,0.8768,0.1590,0.0454,9%,0%,81%,3%,0%,82%
583,21.0483,0.0593,655.4763,0.9947,0.8811,0.1660,0.0476,9%,0%,81%,2%,0%,82%
584,20.9041,0.0700,656.9311,0.9935,0.8848,0.1656,0.0282,9%,0%,81%,2%,0%,82%
585,20.9394,0.0750,658.4172,0.9967,0.8896,0.1685,0.0308,9%,0%,81%,2%,0%,82%
586,21.3125,0.0753,659.8569,0.9922,0.8881,0.1645,0.0529,8%,0%,81%,2%,0%,82%
587,20.9331,0.0887,661.4182,0.9913,0.8821,0.1606,0.0511,8%,0%,81%,2%,0%,82%
588,20.8476,0.0823,662.9984,0.9905,0.8853,0.1640,0.0357,8%,0%,81%,1%,0%,82%
589,20.4830,0.0687,664.5680,1.0000,0.8906,0.1580,0.0166,8%,0%,81%,1%,0%,82%
590,20.3091,0.0697,666.0436,1.0000,0.8944,0.1572,0.0171,8%,0%,81%,1%,0%,82%
591,20.8148,0.0726,667.5615,0.9967,0.8930,0.1557,0.0026,8%,0%,81%,1%,0%,82%
592,20.7387,0.0807,669.2927,1.0000,0.8915,0.1570,0.0040,7%,0%,81%,0%,0%,82%
593,20.2826,0.0776,670.8682,0.9949,0.8954,0.1631,0.0324,7%,0%,81%,0%,0%,82%
594,20.0905,0.0753,672.3220,0.9971,0.8976,0.1643,0.0467,7%,0%,81%,0%,0%,82%
595,19.7632,0.0818,673.8577,0.9891,0.8964,0.1631,0.0497,7%,0%,81%,0%,0%,82%
596,19.8993,0.0862,675.3518,0.9928,0.8912,0.1587,0.0762,7%,0%,81%,0%,0%,82%
597,20.0918,0.0860,676.8146,0.9922,0.8873,0.1596,0.0681,7%,0%,81%,0%,0%,82%
598,20.3781,0.0905,678.3598,0.9858,0.8859,0.1652,0.0512,7%,0%,81%,0%,0%,82%
599,18.1086,0.0927,679.9380,0.9880,0.8908,0.1823,0.1893,6%,0%,81%,0%,0%,82%
600,18.2608,0.0892,681.5199,0.9923,0.8883,0.1763,0.1734,6%,0%,81%,0%,0%,82%
601,18.6332,0.0859,683.0173,0.9944,0.8931,0.1825,0.1493,6%,0%,80%,0%,0%,82%
602,19.2055,0.0790,684.5367,0.9955,0.8918,0.1799,0.5621,6%,0%,80%,0%,0%,82%
603,19.2849,0.0696,686.0763,0.9892,0.8938,0.1811,0.5109,6%,0%,80%,0%,0%,82%
604,19.9055,0.0744,687.6815,0.9934,0.8879,0.1707,0.4772,6%,0%,80%,0%,0%,82%
605,19.6861,0.0688,689.2372,0.9829,0.8824,0.1705,0.4158,6%,0%,80%,0%,0%,82%
606,20.1624,0.0599,690.7282,0.9803,0.8868,0.1657,0.3606,5%,0%,80%,0%,0%,82%
607,19.8988,0.0546,692.1584,0.9901,0.8820,0.1679,0.3293,5%,0%,80%,0%,0%,82%
608,20.0920,0.0494,693.6296,0.9835,0.8901,0.1629,0.3115,5%,0%,80%,0%,0%,82%
609,20.0020,0.0477,695.1721,0.9750,0.8929,0.1647,0.2804,5%,0%,80%,0%,0%,81%
610,19.9037,0.0519,696.8694,0.9706,0.8909,0.1686,0.2501,5%,0%,80%,0%,0%,81%
611,20.5618,0.0398,698.5555,0.9726,0.8934,0.1627,0.2090,5%,0%,80%,0%,0%,81%
612,20.8186,0.0325,700.0041,0.9723,0.8934,0.1636,0.1708,5%,0%,80%,0%,0%,81%
613,20.7866,0.0332,701.4816,0.9773,0.8957,0.1760,0.1687,5%,0%,80%,0%,0%,81%
614,20.1407,0.0262,702.9253,0.9776,0.8993,0.1743,0.1726,4%,0%,80%,0%,0%,81%
615,19.7568,0.0220,704.4234,0.9726,0.8980,0.1828,0.1453,4%,0%,79%,0%,0%,81%
616,19.5574,0.0310,704.7601,0.9772,0.9058,0.1812,0.5560,4%,0%,79%,0%,0%,81%
617,19.6617,0.0204,705.0830,0.9745,0.9014,0.1822,0.4998,4%,0%,79%,0%,0%,81%
618,19.8715,0.0280,705.4104,0.9779,0.9029,0.1850,0.4314,4%,0%,79%,0%,0%,81%
619,19.7366,0.0314,705.7534,0.9848,0.9048,0.1933,0.3687,4%,0%,79%,0%,0%,81%
620,20.0198,0.0259,706.1031,0.9874,0.9091,0.1897,0.3326,4%,0%,79%,0%,0%,81%
621,20.2381,0.0296,706.5135,0.9938,0.9098,0.1906,0.3079,4%,0%,79%,0%,0%,81%
622,20.1617,0.0339,707.0334,0.9880,0.9103,0.1932,0.2856,4%,0%,79%,0%,0%,81%
623,19.9327,0.0418,707.6057,0.9861,0.9070,0.1942,0.2349,4%,0%,79%,0%,0%,81%
624,19.4469,0.0367,708.0034,0.9871,0.9078,0.1900,0.1872,4%,0%,79%,0%,0%,81%
625,19.6529,0.0446,708.4061,0.9815,0.9103,0.1801,0.1544,4%,0%,79%,0%,0%,81%
626,19.7673,0.0462,708.9325,0.9881,0.9058,0.1705,0.1652,4%,0%,79%,0%,0%,81%
627,20.0205,0.0478,709.2861,0.9943,0.9041,0.1758,0.1421,4%,0%,79%,0%,0%,81%
628,20.4181,0.0418,709.5538,0.9968,0.9013,0.1713,0.1587,4%,0%,79%,0%,0%,81%
629,20.8855,0.0574,709.8647,0.9999,0.9021,0.1692,0.1677,4%,0%,79%,0%,0%,81%
630,21.1559,0.0619,710.3203,0.9995,0.8981,0.1607,0.1428,4%,0%,79%,0%,0%,81%
631,21.0404,0.0675,710.6857,0.9945,0.9033,0.1653,0.4820,4%,0%,79%,0%,0%,81%
632,20.9943,0.0613,711.0986,0.9917,0.9078,0.1791,0.4218,4%,0%,79%,0%,0%,81%
633,21.2366,0.0636,711.5876,0.9907,0.9042,0.1782,0.3793,4%,0%,79%,0%,0%,81%
634,21.0184,0.0566,712.0350,0.9920,0.9063,0.1795,0.3408,4%,0%,79%,0%,0%,81%
635,20.8356,0.0563,712.3942,0.9916,0.9082,0.1757,0.3099,4%,0%,79%,0%,0%,81%
636,21.0424,0.0502,712.8024,0.9931,0.9059,0.1765,0.2782,4%,0%,79%,0%,0%,81%
637,21.4739,0.0462,713.1912,0.9869,0.9033,0.1780,0.2422,4%,0%,79%,0%,0%,81%
638,21.6858,0.0492,714.7062,0.9835,0.9017,0.1810,0.2255,3%,0%,79%,0%,0%,81%
639,21.8299,0.0529,716.2331,0.9845,0.9032,0.1766,0.1929,3%,0%,79%,0%,0%,81%
640,21.7511,0.0515,717.6692,0.9895,0.8967,0.1776,0.1669,3%,0%,79%,0%,0%,81%
641,21.4820,0.0519,719.2421,0.9817,0.8975,0.1746,0.1624,3%,0%,79%,0%,0%,81%
642,21.6060,0.0378,720.7987,0.9836,0.8974,0.1774,0.1393,3%,0%,79%,0%,0%,81%
643,21.9418,0.0550,722.2769,0.9874,0.8957,0.1807,0.1344,3%,0%,79%,0%,0%,81%
644,21.7727,0.0547,723.7229,0.9873,0.8959,0.1794,0.1263,3%,0%,79%,0%,0%,81%
645,20.4754,0.0664,725.2429,0.9880,0.8941,0.1832,0.1055,3%,0%,79%,0%,0%,81%
646,20.9224,0.0742,726.7566,0.9863,0.8977,0.1851,0.0938,2%,0%,79%,0%,0%,81%
647,20.8741,0.0720,728.3471,0.9863,0.8981,0.1836,0.0986,2%,0%,79%,0%,0%,81%
648,20.3415,0.0604,729.8439,0.9848,0.8944,0.1880,0.0937,2%,0%,79%,0%,0%,81%
649,21.0440,0.0655,731.3131,0.9777,0.8994,0.1822,0.0878,2%,0%,79%,0%,0%,81%
650,20.7089,0.0719,732.9045,0.9845,0.8986,0.1756,0.0619,2%,0%,78%,0%,0%,81%
651,21.2330,0.0692,734.4478,0.9863,0.9026,0.1747,0.0497,2%,0%,78%,0%,0%,81%
652,21.2568,0.0581,735.8854,0.9841,0.9018,0.1740,0.0239,2%,0%,78%,0%,0%,81%
653,21.1376,0.0648,737.4101,0.9908,0.8965,0.1797,0.0160,2%,0%,78%,0%,0%,81%
654,21.1910,0.0537,738.8273,0.9897,0.8913,0.1830,0.0238,1%,0%,78%,0%,0%,81%
655,20.7818,0.0577,740.3366,0.9931,0.8903,0.1978,0.0122,1%,0%,78%,0%,0%,81%
656,20.5099,0.0664,741.7630,0.9852,0.8859,0.2033,0.0365,1%,0%,78%,0%,0%,81%
657,20.5625,0.0581,743.2606,0.9826,0.8830,0.2006,0.0280,1%,0%,78%,0%,0%,81%
658,19.9610,0.0536,744.7719,0.9881,0.8832,0.1995,0.0235,1%,0%,78%,0%,0%,81%
659,20.2325,0.0583,746.2701,0.9955,0.8895,0.1897,0.0141,1%,0%,78%,0%,0%,81%
660,19.6738,0.0441,747.7091,1.0000,0.8880,0.1944,0.0125,1%,0%,78%,0%,0%,81%
661,20.0881,0.0312,749.2534,1.0000,0.8853,0.1915,0.0187,0%,0%,78%,0%,0%,81%
662,20.0742,0.0315,750.6951,1.0000,0.8900,0.1926,0.0000,0%,0%,78%,0%,1%,81%
663,20.3494,0.0246,752.1480,0.9969,0.8872,0.1949,0.0014,0%,0%,78%,0%,1%,81%
664,20.5024,0.0264,753.6137,0.9904,0.8916,0.1918,0.0144,0%,0%,78%,0%,1%,80%
665,21.0013,0.0314,755.0501,0.9789,0.8956,0.1879,0.0165,0%,0%,78%,0%,2%,80%
666,21.0952,0.0269,756.5501,0.9797,0.8972,0.1871,0.0000,0%,0%,78%,0%,2%,80%
667,21.3852,0.0325,757.9706,0.9789,0.8963,0.1895,0.0123,0%,0%,78%,0%,2%,80%
668,21.2142,0.0228,759.2594,0.9867,0.8929,0.1918,0.0086,0%,0%,78%,0%,2%,80%
669,20.8063,0.0333,760.8037,0.9859,0.8917,0.1923,0.0101,0%,0%,78%,0%,3%,80%
670,21.0637,0.0165,762.3460,0.9942,0.8898,0.1911,0.0144,0%,0%,78%,0%,3%,80%
671,20.6614,0.0129,762.6641,0.9868,0.8857,0.1964,0.0106,0%,0%,78%,0%,3%,80%
672,20.8740,0.0149,763.0759,0.9958,0.8835,0.1962,0.0268,0%,0%,78%,0%,4%,80%
673,20.6153,0.0206,763.4428,0.9958,0.8854,0.1942,0.0639,0%,0%,78%,0%,4%,80%
674,20.7136,0.0307,763.8423,1.0000,0.8849,0.1848,0.0809,0%,0%,78%,0%,4%,80%
675,21.2014,0.0236,764.2132,1.0000,0.8765,0.1851,0.0934,0%,0%,78%,0%,5%,80%
676,21.3498,0.0258,765.7270,0.9961,0.8752,0.1855,0.0948,0%,0%,78%,0%,5%,80%
677,21.2683,0.0123,767.4211,1.0000,0.8765,0.1778,0.0884,0%,0%,78%,0%,5%,80%
678,21.3538,0.0124,768.9324,0.9974,0.8801,0.1842,0.0722,0%,0%,77%,0%,6%,80%
679,21.1938,0.0200,770.4174,1.0000,0.8749,0.1887,0.0706,0%,0%,77%,0%,6%,80%
680,21.7558,0.0062,771.8862,1.0000,0.8739,0.1891,0.0703,0%,0%,77%,0%,6%,80%
681,21.5123,0.0102,773.3384,1.0000,0.8660,0.1870,0.5970,0%,0%,77%,0%,7%,80%
682,21.4440,0.0244,774.9301,0.9996,0.8655,0.1880,0.5312,0%,0%,77%,0%,7%,80%
683,21.5490,0.0316,776.4574,0.9988,0.8676,0.1944,0.4473,0%,0%,77%,0%,7%,80%
684,21.5933,0.0226,777.9305,0.9996,0.8758,0.1962,0.3963,0%,0%,77%,0%,8%,80%
685,21.6624,0.0267,779.4571,0.9881,0.8763,0.1991,0.3546,0%,0%,77%,0%,8%,80%
686,21.4826,0.0202,780.9486,0.9934,0.8721,0.2015,0.2955,0%,0%,77%,0%,8%,80%
687,21.3805,0.0091,782.4966,0.9934,0.8711,0.2110,0.2603,0%,0%,77%,0%,8%,80%
688,21.5791,0.0154,783.9760,0.9949,0.8647,0.1983,0.3703,0%,0%,77%,0%,9%,80%
689,21.7483,0.0043,785.5377,0.9907,0.8708,0.2048,0.3356,0%,0%,77%,0%,9%,80%
690,21.7827,0.0034,786.9713,0.9926,0.8733,0.2010,0.2965,0%,0%,77%,0%,9%,80%
691,22.0522,0.0000,788.5338,0.9908,0.8689,0.2009,0.2706,0%,0%,77%,0%,10%,80%
692,22.2079,0.0000,789.9910,0.9990,0.8723,0.1971,0.2402,0%,0%,77%,0%,10%,80%
693,22.3186,0.0095,791.5506,0.9925,0.8738,0.1875,0.2185,0%,0%,76%,0%,11%,80%
694,21.8118,0.0131,793.1045,0.9991,0.8721,0.1959,0.2069,0%,0%,76%,0%,11%,80%
695,21.8380,0.0123,793.5266,0.9955,0.8767,0.1845,0.1949,0%,0%,76%,0%,11%,80%
696,21.8152,0.0129,794.0137,0.9977,0.8816,0.1838,0.1523,0%,0%,76%,0%,11%,80%
697,22.1184,0.0083,794.4260,0.9968,0.8871,0.1751,0.1235,0%,0%,76%,0%,12%,80%
698,21.3122,0.0000,794.9361,0.9924,0.8889,0.1774,0.1206,0%,0%,76%,0%,12%,80%
699,21.2461,0.0142,795.4302,0.9825,0.8993,0.1773,0.0976,0%,0%,76%,0%,13%,80%
700,21.2499,0.0167,795.7925,0.9866,0.8922,0.1862,0.0750,0%,0%,76%,0%,13%,80%
701,20.9583,0.0000,796.1408,0.9784,0.8936,0.1838,0.0638,0%,0%,76%,0%,13%,80%
702,20.7327,0.0121,796.4103,0.9765,0.8955,0.1829,0.0518,0%,0%,76%,0%,14%,80%
703,21.1234,0.0112,796.8083,0.9833,0.8967,0.1834,0.0488,0%,0%,76%,0%,14%,80%
704,21.2291,0.0167,797.0901,0.9903,0.8970,0.1757,0.0457,0%,0%,76%,0%,14%,80%
705,21.6763,0.0182,798.4561,0.9921,0.8964,0.1695,0.0129,0%,0%,76%,0%,14%,80%
706,21.5766,0.0112,799.9780,0.9844,0.9007,0.1683,0.0293,0%,0%,76%,0%,15%,80%
707,21.1780,0.0099,801.4529,0.9841,0.9058,0.1791,0.0513,0%,0%,76%,0%,15%,80%
708,21.0828,0.0181,802.8163,0.9847,0.8998,0.1773,0.0725,0%,0%,76%,0%,15%,80%
709,20.9532,0.0300,804.3150,0.9810,0.8958,0.1772,0.0598,0%,0%,76%,0%,16%,80%
710,21.1307,0.0213,805.7899,0.9880,0.8959,0.1699,0.0405,0%,0%,76%,0%,16%,80%
711,21.2831,0.0269,807.2381,0.9895,0.8982,0.1694,0.0219,0%,0%,76%,0%,16%,80%
712,21.3888,0.0265,808.5920,0.9914,0.9001,0.1714,0.0251,0%,0%,76%,0%,16%,80%
713,21.9151,0.0166,810.0565,0.9911,0.8940,0.1796,0.0437,0%,0%,76%,0%,17%,80%
714,22.1571,0.0147,811.5251,0.9846,0.8969,0.1662,0.0371,0%,0%,76%,0%,17%,80%
715,21.8515,0.0107,812.9034,0.9803,0.9045,0.1629,0.0245,0%,0%,76%,0%,17%,80%
716,22.0323,0.0122,814.3369,0.9757,0.8977,0.1534,0.0277,0%,0%,76%,0%,17%,80%
717,21.9567,0.0168,815.8267,0.9820,0.8874,0.1421,0.0057,0%,0%,76%,0%,18%,80%
718,21.8278,0.0124,817.3808,0.9825,0.8876,0.1375,0.0200,0%,0%,76%,0%,18%,80%
719,22.1119,0.0056,818.8529,0.9850,0.8919,0.1416,0.0523,0%,0%,76%,0%,18%,80%
720,21.7951,0.0052,820.3300,0.9874,0.8881,0.1393,0.0424,0%,0%,76%,0%,19%,80%
721,21.9618,0.0029,821.7772,0.9897,0.8887,0.1278,0.0369,0%,0%,76%,0%,19%,80%
722,22.0712,0.0042,823.2687,0.9983,0.8807,0.1244,0.0353,0%,0%,76%,0%,19%,80%
723,21.7532,0.0055,824.7251,1.0000,0.8814,0.1308,0.0242,0%,0%,75%,0%,19%,80%
724,21.2841,0.0000,826.1653,1.0000,0.8851,0.1325,0.0470,0%,0%,75%,0%,20%,80%
725,21.2405,0.0108,827.6723,1.0000,0.8894,0.1354,0.0513,0%,0%,75%,0%,20%,80%
726,20.4824,0.0183,829.2181,1.0000,0.8921,0.1389,0.0676,0%,0%,75%,0%,20%,80%
727,20.8040,0.0239,830.7696,0.9913,0.8849,0.1446,0.0732,0%,0%,75%,0%,21%,80%
728,20.9098,0.0199,832.1328,0.9983,0.8780,0.1478,0.0462,0%,0%,75%,0%,21%,80%
729,21.2767,0.0302,833.6783,0.9960,0.8764,0.1435,0.0724,0%,0%,75%,0%,21%,80%
730,21.3271,0.0418,835.1156,0.9987,0.8774,0.1428,0.0735,0%,0%,75%,0%,21%,80%
731,21.6800,0.0460,836.6241,0.9977,0.8815,0.1465,0.0511,0%,0%,75%,0%,21%,80%
732,21.4773,0.0504,838.0585,0.9981,0.8834,0.1398,0.0493,0%,0%,75%,0%,21%,80%
733,21.5666,0.0568,839.4450,0.9972,0.8847,0.1354,0.0494,0%,0%,75%,0%,22%,80%
734,21.4225,0.0623,840.9608,0.9794,0.8789,0.1351,0.0342,0%,0%,75%,0%,22%,80%
735,21.3601,0.0676,842.5108,0.9739,0.8819,0.1412,0.0283,0%,0%,75%,0%,22%,80%
736,21.3540,0.0596,843.8791,0.9700,0.8767,0.1390,0.0293,0%,0%,75%,0%,22%,80%
737,21.4150,0.0597,845.3723,0.9635,0.8714,0.1385,0.0472,0%,0%,75%,0%,22%,80%
738,21.2007,0.0854,846.7760,0.9542,0.8686,0.1390,0.0638,0%,0%,75%,0%,22%,80%
739,21.2995,0.0858,848.2364,0.9569,0.8656,0.1431,0.0893,0%,0%,75%,0%,22%,80%
740,21.2856,0.0704,849.7736,0.9518,0.8608,0.1392,0.0627,0%,0%,75%,0%,22%,80%
741,20.9227,0.0711,851.2383,0.9523,0.8597,0.1390,0.0392,0%,0%,75%,0%,22%,80%
742,20.4870,0.0539,852.8036,0.9583,0.8629,0.1376,0.0416,0%,0%,75%,0%,22%,80%
743,20.8093,0.0551,854.2048,0.9529,0.8654,0.1390,0.0623,0%,0%,75%,0%,22%,80%
744,20.2594,0.0644,855.7454,0.9520,0.8683,0.1423,0.0781,0%,0%,75%,0%,22%,80%
745,20.2780,0.0685,857.2472,0.9576,0.8649,0.1417,0.0698,0%,0%,75%,0%,22%,80%
746,19.9715,0.0651,858.7553,0.9560,0.8702,0.1454,0.0746,0%,0%,75%,0%,22%,80%
747,20.4802,0.0700,860.2074,0.9541,0.8694,0.1398,0.0452,0%,0%,74%,0%,22%,80%
748,20.6626,0.0742,861.6385,0.9434,0.8713,0.1428,0.0621,0%,0%,74%,0%,22%,80%
749,20.7721,0.0683,863.0313,0.9500,0.8758,0.1487,0.0482,0%,0%,74%,0%,22%,80%
750,20.5880,0.0657,864.6073,0.9487,0.8744,0.1475,0.0627,0%,0%,74%,0%,22%,80%
751,20.2777,0.0703,866.1462,0.9418,0.8769,0.1453,0.0741,0%,0%,74%,0%,22%,80%
752,20.3801,0.0577,867.6775,0.9458,0.8796,0.1527,0.0669,0%,0%,74%,0%,22%,80%
753,20.4241,0.0607,868.9476,0.9436,0.8797,0.1479,0.0774,0%,0%,74%,0%,23%,79%
754,20.2022,0.0571,870.3837,0.9430,0.8858,0.1406,0.0762,0%,0%,74%,0%,23%,79%
755,19.9900,0.0545,871.8916,0.9395,0.8892,0.1410,0.0853,0%,0%,74%,0%,23%,79%
756,19.7833,0.0557,873.2638,0.9430,0.8914,0.1444,0.0471,0%,0%,74%,0%,23%,79%
757,19.5853,0.0570,874.8795,0.9461,0.8936,0.1471,0.0422,0%,0%,74%,0%,23%,79%
758,19.5423,0.0666,876.3252,0.9435,0.9008,0.1461,0.0000,0%,0%,74%,0%,23%,79%
759,19.7415,0.0660,877.8331,0.9434,0.8977,0.1455,0.0289,0%,0%,74%,0%,23%,79%
760,19.9669,0.0539,879.3047,0.9509,0.8953,0.1459,0.0632,0%,0%,74%,0%,23%,79%
761,20.0387,0.0572,880.6929,0.9514,0.8916,0.1489,0.0465,0%,0%,74%,0%,23%,79%
762,20.1487,0.0718,882.1720,0.9489,0.8945,0.1500,0.0487,0%,0%,74%,0%,23%,79%
763,20.3538,0.0771,883.5829,0.9557,0.8932,0.1570,0.0467,0%,0%,74%,0%,23%,79%
764,19.9062,0.0681,885.0191,0.9522,0.8900,0.1599,0.0488,0%,0%,74%,0%,23%,79%
765,20.0463,0.0838,886.5246,0.9524,0.8917,0.1592,0.0681,0%,0%,74%,0%,23%,79%
766,20.4506,0.0827,888.0358,0.9461,0.8862,0.1631,0.0896,0%,0%,74%,0%,23%,79%
767,20.0109,0.0868,889.5670,0.9415,0.8840,0.1599,0.0865,0%,0%,74%,0%,23%,79%
768,19.4026,0.0786,891.0551,0.9385,0.8819,0.1627,0.0856,0%,0%,74%,0%,23%,79%
769,19.4833,0.0887,892.6391,0.9410,0.8743,0.1575,0.0997,0%,0%,73%,0%,23%,79%
770,19.8743,0.0796,893.1064,0.9459,0.8811,0.1524,0.1036,0%,0%,73%,0%,23%,79%
771,19.9218,0.0945,893.5008,0.9435,0.8804,0.1450,0.0936,0%,0%,73%,0%,24%,79%
772,20.1624,0.0902,893.9199,0.9470,0.8761,0.1472,0.0933,0%,0%,73%,0%,24%,79%
773,20.3067,0.0934,894.3214,0.9463,0.8764,0.1482,0.0764,0%,0%,73%,0%,24%,79%
774,20.0710,0.0973,894.6273,0.9496,0.8722,0.1465,0.0718,0%,0%,73%,0%,24%,79%
775,19.9055,0.0962,895.0075,0.9454,0.8676,0.1460,0.0607,0%,0%,73%,0%,24%,79%
776,19.5712,0.0961,895.3985,0.9465,0.8751,0.1495,0.0745,0%,0%,73%,0%,25%,79%
777,20.0646,0.0939,895.7061,0.9456,0.8730,0.1528,0.0798,0%,0%,73%,0%,25%,79%
778,20.3494,0.0943,896.2510,0.9460,0.8765,0.1458,0.0681,0%,0%,73%,0%,25%,79%
779,20.3752,0.0902,896.7335,0.9583,0.8771,0.1353,0.0639,0%,0%,73%,0%,25%,79%
780,20.3660,0.0854,897.0946,0.9595,0.8809,0.1356,0.0320,0%,0%,73%,0%,25%,79%
781,20.2159,0.0711,897.5661,0.9664,0.8840,0.1313,0.0233,0%,0%,73%,0%,25%,79%
782,20.3775,0.0687,898.1256,0.9716,0.8890,0.1305,0.0035,0%,0%,73%,0%,26%,79%
783,20.2462,0.0635,898.5395,0.9638,0.8886,0.1270,0.0101,0%,0%,73%,0%,26%,79%
784,20.2152,0.0654,899.0602,0.9657,0.8924,0.1335,0.0276,0%,0%,73%,0%,26%,79%
785,20.1209,0.0588,899.3619,0.9709,0.8952,0.1246,0.0170,0%,0%,73%,0%,26%,79%
786,20.3841,0.0540,899.8491,0.9630,0.8998,0.1226,0.0323,0%,0%,73%,0%,27%,79%
787,20.3969,0.0540,900.2618,0.9589,0.8958,0.1228,0.0176,0%,0%,73%,0%,27%,79%
788,20.4801,0.0448,901.7196,0.9760,0.9010,0.1202,0.0043,0%,0%,73%,0%,27%,79%
789,20.2350,0.0423,903.2404,0.9763,0.8970,0.1198,0.0000,0%,0%,73%,0%,27%,79%
790,20.1375,0.0516,904.7160,0.9741,0.8967,0.1254,0.0000,0%,0%,73%,0%,27%,79%
791,20.2470,0.0428,906.1856,0.9742,0.8963,0.1292,0.0000,0%,0%,73%,0%,27%,79%
792,19.9105,0.0652,907.8616,0.9698,0.8919,0.1307,0.0000,0%,0%,73%,0%,27%,79%
793,19.9427,0.0708,909.4831,0.9703,0.9018,0.1350,0.0000,0%,0%,73%,0%,27%,79%
794,20.0240,0.0680,911.0713,0.9714,0.8971,0.1281,0.0277,0%,0%,73%,0%,27%,79%
795,21.6383,0.0693,912.5616,0.9699,0.8896,0.1236,0.0284,0%,0%,73%,0%,27%,79%
796,21.0337,0.0475,914.1310,0.9769,0.8895,0.1275,0.0364,0%,0%,73%,0%,27%,79%
797,21.3284,0.0402,915.5130,0.9854,0.8936,0.1217,0.0363,0%,0%,73%,0%,28%,79%
798,21.4397,0.0319,916.9255,0.9906,0.8998,0.1171,0.0364,0%,0%,73%,0%,28%,79%
799,21.3747,0.0452,918.5718,0.9867,0.9008,0.1177,0.0271,0%,0%,73%,0%,28%,79%
800,20.7586,0.0401,920.1409,0.9840,0.9039,0.1218,0.0227,0%,0%,73%,0%,28%,79%
801,20.5317,0.0371,921.5394,0.9772,0.9053,0.1235,0.0037,0%,0%,73%,0%,28%,79%
802,20.2225,0.0333,922.8480,0.9792,0.9109,0.1269,0.0228,0%,0%,73%,0%,28%,79%
803,20.2413,0.0294,924.2182,0.9767,0.9028,0.1292,0.0365,0%,0%,73%,0%,28%,79%
804,20.3965,0.0239,925.7048,0.9739,0.8994,0.1304,0.0394,0%,0%,73%,0%,29%,79%
805,20.5250,0.0233,927.3374,0.9704,0.8961,0.1301,0.0397,0%,0%,73%,0%,29%,79%
806,20.9574,0.0164,928.9953,0.9715,0.8898,0.1261,0.0585,0%,0%,72%,0%,29%,79%
807,20.9471,0.0104,930.5298,0.9722,0.8948,0.1240,0.0600,0%,0%,72%,0%,29%,79%
